Campaign_ID,Campaign_Name,Platform,Campaign_Type,Objective,Audience_Segment,Region,Device_Type,Ad_Format,Launch_Date,Spend_USD,Impressions,Clicks,CTR_Percent,CPC_USD,Conversions,Conversion_Rate_Percent,CPA_USD,Revenue_USD,ROAS,Engagement_Rate_Percent,Video_Completion_Rate_Percent
MKTCAMP_1000,Brand Awareness_Latin America_0,X,Brand Awareness,Conversions,Young Professionals 25-34,Latin America,Desktop,Carousel,2025-01-18,9676.23,2042928,129299,6.33,0.07,14192,10.98,0.68,1134309.29,117.23,3.9,
MKTCAMP_1001,Brand Awareness_North America_1,X,Brand Awareness,Engagement,Tech Decision Makers,North America,Tablet,Video,2025-01-04,1923.05,376748,19850,5.27,0.1,2558,12.89,0.75,93589.64,48.67,17.98,81.6
MKTCAMP_1002,Lead Generation_APAC_2,Google Ads,Lead Generation,Traffic,Gamers,APAC,Tablet,Search Ad,2025-01-26,5702.31,414720,7819,1.89,0.73,455,5.82,12.53,90054.54,15.79,8.67,
MKTCAMP_1003,Sales Conversion_Middle East_3,X,Sales Conversion,Engagement,Tech Decision Makers,Middle East,Mobile,Search Ad,2025-02-05,7635.11,1146285,17537,1.53,0.44,984,5.61,7.76,144880.02,18.98,9.09,
MKTCAMP_1004,Lead Generation_India_4,Google Ads,Lead Generation,Conversions,Luxury Buyers,India,Desktop,Carousel,2025-04-08,19736.81,1498838,68426,4.57,0.29,7436,10.87,2.65,333609.69,16.9,11.71,
MKTCAMP_1005,Brand Awareness_Middle East_5,LinkedIn,Brand Awareness,Awareness,Small Business Owners,Middle East,Mobile,Image,2025-03-19,4677.84,241887,19558,8.09,0.24,3402,17.4,1.38,982113.69,209.95,6.47,
MKTCAMP_1006,Brand Awareness_APAC_6,LinkedIn,Brand Awareness,Engagement,Students 18-24,APAC,Mobile,Video,2025-03-12,2892.97,472022,18716,3.97,0.15,493,2.64,5.87,92909.11,32.12,1.79,87.75
MKTCAMP_1007,Sales Conversion_India_7,LinkedIn,Sales Conversion,Conversions,Healthcare Professionals,India,Tablet,Video,2025-01-06,6840.11,1089314,31860,2.92,0.21,3058,9.6,2.24,626728.81,91.63,4.4,92.57
MKTCAMP_1008,Lead Generation_North America_8,X,Lead Generation,Traffic,Pet Owners,North America,Mobile,Story,2025-02-05,19490.75,4075707,311714,7.65,0.06,34173,10.96,0.57,11106216.63,569.82,2.73,
MKTCAMP_1009,Sales Conversion_Europe_9,TikTok,Sales Conversion,Awareness,Parents with Kids,Europe,Desktop,Carousel,2025-03-27,5301.58,255222,7746,3.04,0.68,565,7.3,9.38,66009.9,12.45,15.54,
MKTCAMP_1010,Sales Conversion_APAC_10,LinkedIn,Sales Conversion,Conversions,Small Business Owners,APAC,Tablet,Search Ad,2025-04-04,9240.46,836891,40135,4.8,0.23,1190,2.97,7.77,341176.61,36.92,2.49,
MKTCAMP_1011,Lead Generation_Middle East_11,Meta,Lead Generation,Leads,Students 18-24,Middle East,Desktop,Carousel,2025-03-29,24678.73,4417592,88775,2.01,0.28,529,0.6,46.65,153911.31,6.24,13.43,
MKTCAMP_1012,Brand Awareness_North America_12,LinkedIn,Brand Awareness,Engagement,Gamers,North America,Desktop,Image,2025-01-09,18360.68,3283415,32826,1.0,0.56,2223,6.77,8.26,149114.61,8.12,16.13,
MKTCAMP_1013,App Install_Europe_13,Meta,App Install,Engagement,Parents with Kids,Europe,Tablet,Story,2025-04-24,15770.8,1570166,14364,0.91,1.1,853,5.94,18.49,114352.04,7.25,13.82,
MKTCAMP_1014,Product Launch_India_14,X,Product Launch,Conversions,Fitness Enthusiasts,India,Mobile,Search Ad,2025-03-10,16120.16,3219168,136007,4.22,0.12,3526,2.59,4.57,910548.36,56.49,14.36,
MKTCAMP_1015,Sales Conversion_Middle East_15,LinkedIn,Sales Conversion,Engagement,Healthcare Professionals,Middle East,Tablet,Image,2025-01-29,14251.29,2547761,112094,4.4,0.13,10814,9.65,1.32,1803917.14,126.58,1.64,
MKTCAMP_1016,App Install_North America_16,Meta,App Install,Traffic,Students 18-24,North America,Mobile,Carousel,2025-03-22,3143.34,143516,7972,5.55,0.39,478,6.0,6.58,92130.97,29.31,16.9,
MKTCAMP_1017,Sales Conversion_APAC_17,Meta,Sales Conversion,Engagement,Luxury Buyers,APAC,Mobile,Story,2025-03-18,6607.66,752407,49056,6.52,0.13,2209,4.5,2.99,120685.56,18.26,6.21,
MKTCAMP_1018,App Install_APAC_18,TikTok,App Install,Traffic,Pet Owners,APAC,Mobile,Search Ad,2025-04-07,4449.92,922671,64086,6.95,0.07,7424,11.58,0.6,2293031.49,515.3,15.1,
MKTCAMP_1019,Sales Conversion_North America_19,LinkedIn,Sales Conversion,Engagement,Parents with Kids,North America,Desktop,Carousel,2025-02-28,5070.97,1017543,48523,4.77,0.1,7099,14.63,0.71,2248602.68,443.43,6.7,
MKTCAMP_1020,Sales Conversion_APAC_20,Google Ads,Sales Conversion,Leads,Pet Owners,APAC,Mobile,Video,2025-04-22,3196.27,258988,9995,3.86,0.32,1480,14.82,2.16,452042.0,141.43,1.32,55.86
MKTCAMP_1021,Retargeting_APAC_21,X,Retargeting,Conversions,Tech Decision Makers,APAC,Mobile,Image,2025-04-08,10726.57,857904,11761,1.37,0.91,753,6.41,14.25,249793.52,23.29,6.79,
MKTCAMP_1022,App Install_North America_22,Meta,App Install,Awareness,Tech Decision Makers,North America,Tablet,Story,2025-01-03,13210.37,2200100,73602,3.35,0.18,12884,17.51,1.03,4354574.7,329.63,5.56,
MKTCAMP_1023,Retargeting_Europe_23,Google Ads,Retargeting,Conversions,Pet Owners,Europe,Mobile,Search Ad,2025-01-11,12682.59,1194168,32328,2.71,0.39,370,1.15,34.28,83272.42,6.57,9.9,
MKTCAMP_1024,Sales Conversion_North America_24,Google Ads,Sales Conversion,Conversions,Students 18-24,North America,Tablet,Carousel,2025-03-26,1761.23,158786,12316,7.76,0.14,577,4.69,3.05,44063.39,25.02,9.67,
MKTCAMP_1025,App Install_India_25,TikTok,App Install,Leads,Fitness Enthusiasts,India,Tablet,Story,2025-01-28,24648.44,2059868,120384,5.84,0.2,16647,13.83,1.48,1765314.7,71.62,13.8,
MKTCAMP_1026,Sales Conversion_Latin America_26,YouTube,Sales Conversion,Engagement,Gamers,Latin America,Desktop,Image,2025-02-26,9510.69,1462887,80920,5.53,0.12,7991,9.88,1.19,470611.78,49.48,15.65,
MKTCAMP_1027,Product Launch_Europe_27,YouTube,Product Launch,Traffic,Small Business Owners,Europe,Mobile,Image,2025-01-03,8359.11,615007,4491,0.73,1.86,486,10.84,17.2,119954.81,14.35,1.49,
MKTCAMP_1028,App Install_APAC_28,YouTube,App Install,Traffic,Gamers,APAC,Mobile,Video,2025-04-01,13046.28,1053738,59282,5.63,0.22,2105,3.55,6.2,528565.66,40.51,7.89,89.94
MKTCAMP_1029,Brand Awareness_North America_29,X,Brand Awareness,Awareness,Gamers,North America,Mobile,Video,2025-03-07,3869.26,392311,5175,1.32,0.75,863,16.68,4.48,268176.04,69.31,5.66,67.8
MKTCAMP_1030,Retargeting_Europe_30,Meta,Retargeting,Conversions,Students 18-24,Europe,Tablet,Search Ad,2025-03-15,20521.94,2871761,134690,4.69,0.15,6374,4.73,3.22,381119.85,18.57,16.72,
MKTCAMP_1031,Lead Generation_Middle East_31,TikTok,Lead Generation,Traffic,Students 18-24,Middle East,Mobile,Video,2025-03-26,22560.24,3473335,109276,3.15,0.21,7224,6.61,3.12,1894897.22,83.99,16.72,85.97
MKTCAMP_1032,Retargeting_Middle East_32,TikTok,Retargeting,Traffic,Luxury Buyers,Middle East,Desktop,Video,2025-01-08,19606.95,3050168,32988,1.08,0.59,1098,3.33,17.86,348656.0,17.78,11.69,15.74
MKTCAMP_1033,Sales Conversion_North America_33,TikTok,Sales Conversion,Conversions,Parents with Kids,North America,Mobile,Carousel,2025-03-10,2986.05,476066,2099,0.44,1.42,69,3.31,43.28,14186.04,4.75,13.17,
MKTCAMP_1034,Lead Generation_Europe_34,TikTok,Lead Generation,Engagement,Luxury Buyers,Europe,Desktop,Carousel,2025-04-22,16473.05,1323913,81667,6.17,0.2,3799,4.65,4.34,509551.91,30.93,14.11,
MKTCAMP_1035,Product Launch_North America_35,Google Ads,Product Launch,Leads,Tech Decision Makers,North America,Mobile,Video,2025-01-12,16416.01,3165995,181305,5.73,0.09,18938,10.45,0.87,1135824.08,69.19,7.56,36.22
MKTCAMP_1036,Lead Generation_Middle East_36,Meta,Lead Generation,Conversions,Luxury Buyers,Middle East,Desktop,Story,2025-04-26,6477.75,1393635,49949,3.58,0.13,8047,16.11,0.8,1866617.21,288.16,14.95,
MKTCAMP_1037,Lead Generation_North America_37,Google Ads,Lead Generation,Awareness,Luxury Buyers,North America,Desktop,Story,2025-02-06,12814.61,1843288,80909,4.39,0.16,3169,3.92,4.04,827694.24,64.59,6.06,
MKTCAMP_1038,Sales Conversion_Latin America_38,TikTok,Sales Conversion,Engagement,Tech Decision Makers,Latin America,Tablet,Carousel,2025-01-25,1095.74,171138,3139,1.83,0.35,532,16.96,2.06,178356.8,162.77,17.03,
MKTCAMP_1039,Lead Generation_APAC_39,LinkedIn,Lead Generation,Leads,Young Professionals 25-34,APAC,Tablet,Video,2025-04-06,9568.89,409378,32420,7.92,0.3,2591,7.99,3.69,879202.84,91.88,17.87,83.24
MKTCAMP_1040,Brand Awareness_APAC_40,LinkedIn,Brand Awareness,Leads,Young Professionals 25-34,APAC,Desktop,Search Ad,2025-01-21,7714.0,843275,61510,7.29,0.13,3718,6.05,2.07,313195.69,40.6,10.83,
MKTCAMP_1041,App Install_Europe_41,Google Ads,App Install,Leads,Small Business Owners,Europe,Mobile,Video,2025-03-28,23435.79,3873593,194357,5.02,0.12,4276,2.2,5.48,969806.69,41.38,18.33,26.21
MKTCAMP_1042,Product Launch_APAC_42,Meta,Product Launch,Leads,Small Business Owners,APAC,Mobile,Search Ad,2025-01-06,13199.08,2612456,167203,6.4,0.08,21231,12.7,0.62,5409550.67,409.84,7.42,
MKTCAMP_1043,Brand Awareness_Latin America_43,YouTube,Brand Awareness,Leads,Luxury Buyers,Latin America,Tablet,Search Ad,2025-02-10,7693.0,1428474,99449,6.96,0.08,15587,15.67,0.49,5022707.76,652.89,10.05,
MKTCAMP_1044,Lead Generation_Europe_44,LinkedIn,Lead Generation,Engagement,Parents with Kids,Europe,Desktop,Carousel,2025-03-27,12787.15,2348911,133058,5.66,0.1,17010,12.78,0.75,4841958.66,378.66,16.6,
MKTCAMP_1045,Retargeting_India_45,X,Retargeting,Traffic,Students 18-24,India,Mobile,Story,2025-03-21,8780.88,944865,10972,1.16,0.8,1165,10.62,7.54,48349.28,5.51,9.25,
MKTCAMP_1046,Brand Awareness_APAC_46,YouTube,Brand Awareness,Leads,Small Business Owners,APAC,Mobile,Image,2025-01-17,13794.79,1263291,65511,5.19,0.21,677,1.03,20.38,28401.11,2.06,15.43,
MKTCAMP_1047,Brand Awareness_India_47,LinkedIn,Brand Awareness,Conversions,Gamers,India,Desktop,Story,2025-04-17,9324.67,586250,27144,4.63,0.34,3793,13.97,2.46,375744.93,40.3,11.98,
MKTCAMP_1048,Sales Conversion_APAC_48,YouTube,Sales Conversion,Leads,Pet Owners,APAC,Tablet,Video,2025-03-27,2591.01,127743,6008,4.7,0.43,598,9.96,4.33,139918.59,54.0,13.76,93.07
MKTCAMP_1049,Retargeting_Europe_49,YouTube,Retargeting,Traffic,Small Business Owners,Europe,Desktop,Video,2025-04-06,13149.36,1290375,88274,6.84,0.15,4625,5.24,2.84,788427.7,59.96,2.56,17.03
MKTCAMP_1050,Lead Generation_India_50,YouTube,Lead Generation,Conversions,Pet Owners,India,Tablet,Image,2025-01-27,24084.89,4587603,276971,6.04,0.09,21206,7.66,1.14,1812141.39,75.24,3.91,
MKTCAMP_1051,Sales Conversion_APAC_51,X,Sales Conversion,Awareness,Pet Owners,APAC,Desktop,Video,2025-01-12,6630.95,920779,56979,6.19,0.12,6867,12.05,0.97,821147.94,123.84,17.72,74.03
MKTCAMP_1052,Product Launch_North America_52,X,Product Launch,Awareness,Pet Owners,North America,Mobile,Carousel,2025-03-23,14081.67,2113795,80298,3.8,0.18,3882,4.84,3.63,558663.5,39.67,14.31,
MKTCAMP_1053,Lead Generation_APAC_53,LinkedIn,Lead Generation,Engagement,Students 18-24,APAC,Tablet,Search Ad,2025-01-02,852.64,51919,401,0.77,2.13,4,1.21,213.16,1214.99,1.42,13.37,
MKTCAMP_1054,Brand Awareness_APAC_54,Google Ads,Brand Awareness,Awareness,Fitness Enthusiasts,APAC,Mobile,Search Ad,2025-03-12,12117.26,698077,30590,4.38,0.4,2687,8.79,4.51,229535.9,18.94,8.71,
MKTCAMP_1055,Product Launch_North America_55,Meta,Product Launch,Awareness,Fitness Enthusiasts,North America,Desktop,Video,2025-04-26,10263.37,1548260,85839,5.54,0.12,1109,1.29,9.25,166212.52,16.19,12.03,55.25
MKTCAMP_1056,Lead Generation_Latin America_56,LinkedIn,Lead Generation,Awareness,Gamers,Latin America,Mobile,Search Ad,2025-04-24,21484.0,3406607,58585,1.72,0.37,1016,1.73,21.15,239343.36,11.14,1.66,
MKTCAMP_1057,App Install_Europe_57,TikTok,App Install,Conversions,Fitness Enthusiasts,Europe,Mobile,Story,2025-01-04,14851.5,3107549,157283,5.06,0.09,11470,7.29,1.29,2705225.08,182.15,9.13,
MKTCAMP_1058,Sales Conversion_Middle East_58,Meta,Sales Conversion,Conversions,Parents with Kids,Middle East,Tablet,Image,2025-01-21,13867.61,2904760,102463,3.53,0.14,17747,17.32,0.78,5673932.51,409.15,4.59,
MKTCAMP_1059,Brand Awareness_North America_59,X,Brand Awareness,Conversions,Luxury Buyers,North America,Desktop,Carousel,2025-04-15,2199.35,127870,700,0.55,3.14,15,2.15,146.62,3728.43,1.7,2.43,
MKTCAMP_1060,Retargeting_Europe_60,TikTok,Retargeting,Traffic,Pet Owners,Europe,Mobile,Carousel,2025-02-21,8314.9,1597105,9399,0.59,0.88,1386,14.75,6.0,166588.23,20.03,3.24,
MKTCAMP_1061,Retargeting_India_61,LinkedIn,Retargeting,Leads,Small Business Owners,India,Desktop,Story,2025-03-28,17570.06,2691903,202095,7.51,0.09,27007,13.36,0.65,7754085.04,441.32,6.08,
MKTCAMP_1062,Retargeting_North America_62,YouTube,Retargeting,Conversions,Young Professionals 25-34,North America,Desktop,Search Ad,2025-02-03,4847.27,848808,58867,6.94,0.08,10498,17.83,0.46,1701071.32,350.93,7.64,
MKTCAMP_1063,Brand Awareness_Middle East_63,Google Ads,Brand Awareness,Awareness,Healthcare Professionals,Middle East,Desktop,Story,2025-03-19,19522.12,1978462,157072,7.94,0.12,24381,15.52,0.8,4078407.08,208.91,14.19,
MKTCAMP_1064,Brand Awareness_APAC_64,YouTube,Brand Awareness,Awareness,Luxury Buyers,APAC,Mobile,Video,2025-04-01,18986.3,1111881,85733,7.71,0.22,8009,9.34,2.37,2358381.31,124.21,6.74,86.64
MKTCAMP_1065,Brand Awareness_APAC_65,TikTok,Brand Awareness,Conversions,Tech Decision Makers,APAC,Tablet,Image,2025-02-25,10035.44,420994,32557,7.73,0.31,682,2.1,14.71,90147.01,8.98,17.64,
MKTCAMP_1066,Sales Conversion_APAC_66,Google Ads,Sales Conversion,Traffic,Parents with Kids,APAC,Desktop,Image,2025-03-06,23789.88,3407158,188002,5.52,0.13,15694,8.35,1.52,1943347.95,81.69,6.89,
MKTCAMP_1067,Sales Conversion_India_67,LinkedIn,Sales Conversion,Awareness,Luxury Buyers,India,Desktop,Search Ad,2025-01-17,16976.7,2978178,202867,6.81,0.08,29047,14.32,0.58,1719174.38,101.27,9.75,
MKTCAMP_1068,Product Launch_Latin America_68,Meta,Product Launch,Conversions,Luxury Buyers,Latin America,Tablet,Search Ad,2025-03-14,1910.19,265354,10551,3.98,0.18,1691,16.03,1.13,240617.13,125.97,3.23,
MKTCAMP_1069,Product Launch_North America_69,LinkedIn,Product Launch,Awareness,Tech Decision Makers,North America,Desktop,Carousel,2025-02-25,4003.3,708871,38332,5.41,0.1,870,2.27,4.6,49515.33,12.37,13.33,
MKTCAMP_1070,App Install_Middle East_70,YouTube,App Install,Engagement,Parents with Kids,Middle East,Desktop,Carousel,2025-03-07,2282.69,428996,26256,6.12,0.09,505,1.92,4.52,28859.77,12.64,18.27,
MKTCAMP_1071,Sales Conversion_Latin America_71,TikTok,Sales Conversion,Awareness,Fitness Enthusiasts,Latin America,Mobile,Search Ad,2025-03-26,9669.63,1031900,72064,6.98,0.13,12306,17.08,0.79,4251973.31,439.72,14.23,
MKTCAMP_1072,App Install_North America_72,X,App Install,Awareness,Parents with Kids,North America,Mobile,Carousel,2025-04-14,9718.36,534802,35804,6.69,0.27,3677,10.27,2.64,609466.58,62.71,16.88,
MKTCAMP_1073,Lead Generation_North America_73,Meta,Lead Generation,Engagement,Young Professionals 25-34,North America,Mobile,Search Ad,2025-04-19,3224.34,414883,2041,0.49,1.58,177,8.7,18.22,8499.02,2.64,3.26,
MKTCAMP_1074,Product Launch_Latin America_74,Google Ads,Product Launch,Conversions,Luxury Buyers,Latin America,Tablet,Story,2025-03-05,3379.39,530083,34153,6.44,0.1,3657,10.71,0.92,1235682.8,365.65,7.69,
MKTCAMP_1075,Lead Generation_Latin America_75,TikTok,Lead Generation,Traffic,Fitness Enthusiasts,Latin America,Tablet,Video,2025-04-10,7499.95,1472599,32561,2.21,0.23,5651,17.36,1.33,191509.18,25.53,17.98,18.45
MKTCAMP_1076,Lead Generation_Latin America_76,TikTok,Lead Generation,Engagement,Fitness Enthusiasts,Latin America,Tablet,Video,2025-03-13,22333.01,3014648,254527,8.44,0.09,4559,1.79,4.9,944776.94,42.3,17.97,56.85
MKTCAMP_1077,Brand Awareness_Europe_77,Meta,Brand Awareness,Leads,Students 18-24,Europe,Desktop,Search Ad,2025-03-18,15920.27,2630582,107374,4.08,0.15,12328,11.48,1.29,2674936.59,168.02,16.79,
MKTCAMP_1078,Product Launch_Latin America_78,LinkedIn,Product Launch,Engagement,Healthcare Professionals,Latin America,Tablet,Search Ad,2025-02-27,1613.44,146134,11834,8.1,0.14,1902,16.08,0.85,334390.93,207.25,11.93,
MKTCAMP_1079,Sales Conversion_Middle East_79,Meta,Sales Conversion,Conversions,Students 18-24,Middle East,Desktop,Image,2025-04-09,7295.84,538883,22395,4.16,0.33,1496,6.68,4.88,324287.85,44.45,2.54,
MKTCAMP_1080,Product Launch_India_80,YouTube,Product Launch,Traffic,Gamers,India,Desktop,Image,2025-01-31,24372.67,5301492,321011,6.06,0.08,31721,9.88,0.77,4093558.17,167.96,15.28,
MKTCAMP_1081,Retargeting_APAC_81,LinkedIn,Retargeting,Conversions,Parents with Kids,APAC,Mobile,Carousel,2025-01-30,17275.91,1196720,93086,7.78,0.19,13864,14.89,1.25,4629688.32,267.99,13.75,
MKTCAMP_1082,Sales Conversion_Latin America_82,TikTok,Sales Conversion,Traffic,Fitness Enthusiasts,Latin America,Mobile,Story,2025-02-22,15528.67,1790203,142412,7.96,0.11,22296,15.66,0.7,991502.55,63.85,1.66,
MKTCAMP_1083,App Install_Middle East_83,LinkedIn,App Install,Conversions,Students 18-24,Middle East,Mobile,Story,2025-02-19,9723.35,1807566,151780,8.4,0.06,4754,3.13,2.05,1046459.17,107.62,7.79,
MKTCAMP_1084,Sales Conversion_APAC_84,YouTube,Sales Conversion,Engagement,Young Professionals 25-34,APAC,Desktop,Video,2025-05-01,24262.9,4648320,334235,7.19,0.07,29085,8.7,0.83,4733358.07,195.09,5.93,19.51
MKTCAMP_1085,Retargeting_Middle East_85,LinkedIn,Retargeting,Leads,Luxury Buyers,Middle East,Tablet,Search Ad,2025-04-25,21685.7,4040526,343352,8.5,0.06,61601,17.94,0.35,12796877.52,590.11,14.5,
MKTCAMP_1086,Product Launch_India_86,Meta,Product Launch,Engagement,Gamers,India,Desktop,Video,2025-02-19,23646.76,4562323,109656,2.4,0.22,9194,8.38,2.57,655817.33,27.73,17.71,63.49
MKTCAMP_1087,Sales Conversion_Latin America_87,LinkedIn,Sales Conversion,Engagement,Luxury Buyers,Latin America,Mobile,Carousel,2025-03-21,6101.75,981808,53084,5.41,0.11,3592,6.77,1.7,238287.64,39.05,12.82,
MKTCAMP_1088,Brand Awareness_APAC_88,YouTube,Brand Awareness,Traffic,Luxury Buyers,APAC,Tablet,Video,2025-03-24,13247.54,2371538,109406,4.61,0.12,16862,15.41,0.79,3483861.0,262.98,10.9,85.13
MKTCAMP_1089,Lead Generation_Europe_89,TikTok,Lead Generation,Awareness,Students 18-24,Europe,Mobile,Story,2025-02-11,10385.33,665935,4216,0.63,2.46,578,13.71,17.97,132072.45,12.72,13.38,
MKTCAMP_1090,Product Launch_India_90,Meta,Product Launch,Awareness,Parents with Kids,India,Desktop,Story,2025-02-02,5717.62,369054,1911,0.52,2.99,126,6.64,45.38,27565.48,4.82,7.99,
MKTCAMP_1091,Product Launch_Latin America_91,Google Ads,Product Launch,Traffic,Young Professionals 25-34,Latin America,Tablet,Image,2025-01-29,11218.14,2274461,73257,3.22,0.15,6955,9.49,1.61,1952748.15,174.07,8.06,
MKTCAMP_1092,Brand Awareness_North America_92,X,Brand Awareness,Conversions,Young Professionals 25-34,North America,Mobile,Video,2025-03-21,15741.12,3073067,248645,8.09,0.06,7642,3.07,2.06,2495174.44,158.51,9.71,35.66
MKTCAMP_1093,Lead Generation_Middle East_93,Meta,Lead Generation,Traffic,Fitness Enthusiasts,Middle East,Tablet,Search Ad,2025-01-28,11748.83,2542515,111621,4.39,0.11,6979,6.25,1.68,1623931.46,138.22,5.35,
MKTCAMP_1094,Sales Conversion_India_94,TikTok,Sales Conversion,Leads,Pet Owners,India,Mobile,Search Ad,2025-04-06,2358.65,149062,2142,1.44,1.1,67,3.16,35.2,4986.45,2.11,12.29,
MKTCAMP_1095,Brand Awareness_India_95,X,Brand Awareness,Leads,Fitness Enthusiasts,India,Mobile,Video,2025-04-29,4956.06,506609,38826,7.66,0.13,3414,8.79,1.45,831713.48,167.82,4.18,30.38
MKTCAMP_1096,App Install_Middle East_96,LinkedIn,App Install,Conversions,Luxury Buyers,Middle East,Tablet,Video,2025-03-17,1501.28,105702,2808,2.66,0.53,101,3.6,14.86,5896.87,3.93,3.29,51.86
MKTCAMP_1097,Sales Conversion_North America_97,X,Sales Conversion,Awareness,Gamers,North America,Tablet,Search Ad,2025-04-14,5555.18,586452,26259,4.48,0.21,3303,12.58,1.68,140641.36,25.32,15.03,
MKTCAMP_1098,App Install_India_98,Google Ads,App Install,Engagement,Young Professionals 25-34,India,Tablet,Image,2025-01-09,15883.56,869094,64973,7.48,0.24,10795,16.62,1.47,534837.7,33.67,5.99,
MKTCAMP_1099,Sales Conversion_North America_99,YouTube,Sales Conversion,Engagement,Parents with Kids,North America,Desktop,Video,2025-02-25,20251.93,3537743,67026,1.89,0.3,2790,4.16,7.26,414457.49,20.47,9.58,64.46
MKTCAMP_1100,Sales Conversion_Latin America_100,LinkedIn,Sales Conversion,Engagement,Students 18-24,Latin America,Mobile,Carousel,2025-04-04,9538.38,1175664,75883,6.45,0.13,866,1.14,11.01,95935.33,10.06,13.54,
MKTCAMP_1101,Sales Conversion_APAC_101,YouTube,Sales Conversion,Engagement,Pet Owners,APAC,Tablet,Story,2025-02-25,22432.57,2963386,139579,4.71,0.16,3315,2.38,6.77,574065.04,25.59,10.41,
MKTCAMP_1102,App Install_India_102,X,App Install,Traffic,Pet Owners,India,Mobile,Image,2025-04-23,6440.53,569753,19690,3.46,0.33,167,0.85,38.57,22221.91,3.45,4.86,
MKTCAMP_1103,Lead Generation_APAC_103,TikTok,Lead Generation,Engagement,Students 18-24,APAC,Tablet,Image,2025-01-04,8523.69,524694,39946,7.61,0.21,4349,10.89,1.96,1075563.12,126.19,14.85,
MKTCAMP_1104,Retargeting_Middle East_104,TikTok,Retargeting,Awareness,Fitness Enthusiasts,Middle East,Mobile,Image,2025-02-13,12711.83,707358,33603,4.75,0.38,3618,10.77,3.51,971580.01,76.43,8.67,
MKTCAMP_1105,App Install_APAC_105,LinkedIn,App Install,Leads,Pet Owners,APAC,Mobile,Carousel,2025-01-11,3625.72,330229,11032,3.34,0.33,1302,11.8,2.78,276869.07,76.36,7.36,
MKTCAMP_1106,Sales Conversion_Middle East_106,Meta,Sales Conversion,Conversions,Luxury Buyers,Middle East,Tablet,Story,2025-03-24,24669.62,3676747,85357,2.32,0.29,1947,2.28,12.67,153647.36,6.23,5.46,
MKTCAMP_1107,Product Launch_North America_107,X,Product Launch,Awareness,Students 18-24,North America,Mobile,Carousel,2025-02-21,4436.69,326460,8844,2.71,0.5,312,3.53,14.22,98893.06,22.29,2.59,
MKTCAMP_1108,Lead Generation_Latin America_108,X,Lead Generation,Awareness,Pet Owners,Latin America,Tablet,Story,2025-03-12,13350.53,1520243,127050,8.36,0.11,3126,2.46,4.27,491762.91,36.83,17.97,
MKTCAMP_1109,Retargeting_Latin America_109,YouTube,Retargeting,Awareness,Luxury Buyers,Latin America,Tablet,Image,2025-03-31,21704.92,4060403,101063,2.49,0.21,3527,3.49,6.15,860467.48,39.64,17.28,
MKTCAMP_1110,Retargeting_India_110,TikTok,Retargeting,Traffic,Pet Owners,India,Mobile,Carousel,2025-02-10,14140.69,2020567,53905,2.67,0.26,7528,13.97,1.88,676420.91,47.84,6.8,
MKTCAMP_1111,Sales Conversion_Latin America_111,Google Ads,Sales Conversion,Conversions,Tech Decision Makers,Latin America,Mobile,Carousel,2025-04-05,10923.19,1434978,33915,2.36,0.32,851,2.51,12.84,191814.05,17.56,6.19,
MKTCAMP_1112,Retargeting_APAC_112,TikTok,Retargeting,Awareness,Healthcare Professionals,APAC,Tablet,Video,2025-04-17,14740.34,999178,42937,4.3,0.34,4216,9.82,3.5,196396.17,13.32,7.02,25.75
MKTCAMP_1113,Retargeting_India_113,Meta,Retargeting,Awareness,Gamers,India,Mobile,Video,2025-04-01,2052.69,447882,13486,3.01,0.15,1978,14.67,1.04,220517.35,107.43,12.99,75.82
MKTCAMP_1114,Lead Generation_North America_114,YouTube,Lead Generation,Leads,Pet Owners,North America,Mobile,Image,2025-03-31,15093.15,1884888,70417,3.74,0.21,4651,6.61,3.25,1522966.82,100.9,15.57,
MKTCAMP_1115,Sales Conversion_North America_115,Meta,Sales Conversion,Leads,Students 18-24,North America,Mobile,Image,2025-03-02,24143.16,1505893,95172,6.32,0.25,16104,16.92,1.5,1417064.74,58.69,2.35,
MKTCAMP_1116,Product Launch_Europe_116,TikTok,Product Launch,Awareness,Parents with Kids,Europe,Mobile,Story,2025-01-15,18657.46,2675576,193144,7.22,0.1,5690,2.95,3.28,1618722.72,86.76,4.69,
MKTCAMP_1117,Product Launch_North America_117,Google Ads,Product Launch,Traffic,Students 18-24,North America,Tablet,Carousel,2025-01-20,4509.57,313721,21954,7.0,0.21,2665,12.14,1.69,526020.19,116.65,7.41,
MKTCAMP_1118,Retargeting_Europe_118,YouTube,Retargeting,Leads,Small Business Owners,Europe,Mobile,Story,2025-03-19,21991.41,2433132,170670,7.01,0.13,13969,8.18,1.57,2104041.76,95.68,9.2,
MKTCAMP_1119,App Install_APAC_119,YouTube,App Install,Engagement,Gamers,APAC,Desktop,Story,2025-02-08,7883.76,1376265,61547,4.47,0.13,2808,4.56,2.81,892561.73,113.22,7.84,
MKTCAMP_1120,Product Launch_APAC_120,YouTube,Product Launch,Traffic,Pet Owners,APAC,Tablet,Search Ad,2025-04-05,13817.05,2807140,153166,5.46,0.09,3899,2.55,3.54,1289579.74,93.33,12.06,
MKTCAMP_1121,Lead Generation_India_121,Google Ads,Lead Generation,Traffic,Gamers,India,Tablet,Carousel,2025-01-31,8705.19,566437,38696,6.83,0.22,4392,11.35,1.98,881507.56,101.26,16.66,
MKTCAMP_1122,App Install_Europe_122,Meta,App Install,Engagement,Small Business Owners,Europe,Mobile,Story,2025-03-30,19820.63,1333957,39017,2.92,0.51,1891,4.85,10.48,506906.78,25.57,1.78,
MKTCAMP_1123,Product Launch_North America_123,YouTube,Product Launch,Awareness,Pet Owners,North America,Mobile,Image,2025-03-31,14462.3,2563335,192296,7.5,0.08,12473,6.49,1.16,3652123.56,252.53,3.11,
MKTCAMP_1124,Brand Awareness_India_124,TikTok,Brand Awareness,Leads,Gamers,India,Tablet,Carousel,2025-02-24,21238.08,1336893,48369,3.62,0.44,6990,14.45,3.04,545035.3,25.66,5.17,
MKTCAMP_1125,App Install_Latin America_125,Google Ads,App Install,Awareness,Gamers,Latin America,Mobile,Carousel,2025-01-10,18195.19,3086023,172610,5.59,0.11,21824,12.64,0.83,4444933.84,244.29,5.56,
MKTCAMP_1126,Lead Generation_APAC_126,Google Ads,Lead Generation,Leads,Pet Owners,APAC,Tablet,Image,2025-02-26,8969.55,651974,50583,7.76,0.18,5417,10.71,1.66,857361.88,95.59,9.19,
MKTCAMP_1127,Product Launch_Latin America_127,Google Ads,Product Launch,Awareness,Pet Owners,Latin America,Desktop,Search Ad,2025-03-11,23708.44,1602767,82517,5.15,0.29,7717,9.35,3.07,1741459.55,73.45,1.51,
MKTCAMP_1128,Product Launch_APAC_128,TikTok,Product Launch,Engagement,Small Business Owners,APAC,Mobile,Image,2025-03-19,21867.04,4543561,226159,4.98,0.1,28702,12.69,0.76,9333884.72,426.85,13.44,
MKTCAMP_1129,Brand Awareness_Europe_129,LinkedIn,Brand Awareness,Leads,Small Business Owners,Europe,Tablet,Search Ad,2025-01-03,4237.21,609022,32365,5.31,0.13,2564,7.92,1.65,681157.77,160.76,17.36,
MKTCAMP_1130,Retargeting_North America_130,X,Retargeting,Engagement,Healthcare Professionals,North America,Mobile,Search Ad,2025-03-25,23176.43,2807849,36985,1.32,0.63,6559,17.73,3.53,1957516.42,84.46,3.36,
MKTCAMP_1131,Retargeting_APAC_131,TikTok,Retargeting,Engagement,Fitness Enthusiasts,APAC,Desktop,Video,2025-03-02,23060.63,4533289,208648,4.6,0.11,22632,10.85,1.02,3568633.34,154.75,2.15,41.82
MKTCAMP_1132,Product Launch_India_132,LinkedIn,Product Launch,Traffic,Parents with Kids,India,Tablet,Carousel,2025-02-12,20169.91,823613,25543,3.1,0.79,1907,7.47,10.58,385150.29,19.1,17.11,
MKTCAMP_1133,Sales Conversion_India_133,TikTok,Sales Conversion,Engagement,Students 18-24,India,Tablet,Search Ad,2025-01-05,8985.48,920576,58675,6.37,0.15,4936,8.41,1.82,502847.81,55.96,9.03,
MKTCAMP_1134,Brand Awareness_India_134,TikTok,Brand Awareness,Traffic,Parents with Kids,India,Desktop,Story,2025-04-21,3951.0,283482,12577,4.44,0.31,984,7.83,4.02,317586.68,80.38,7.47,
MKTCAMP_1135,Brand Awareness_Middle East_135,YouTube,Brand Awareness,Traffic,Tech Decision Makers,Middle East,Desktop,Carousel,2025-03-08,14724.41,2264725,11460,0.51,1.28,1388,12.11,10.61,120716.46,8.2,17.83,
MKTCAMP_1136,App Install_Latin America_136,LinkedIn,App Install,Traffic,Students 18-24,Latin America,Desktop,Carousel,2025-02-04,4142.24,474834,5182,1.09,0.8,929,17.95,4.46,177162.53,42.77,11.5,
MKTCAMP_1137,Lead Generation_Middle East_137,YouTube,Lead Generation,Engagement,Pet Owners,Middle East,Tablet,Video,2025-01-04,2143.37,375074,7877,2.1,0.27,1277,16.22,1.68,122138.26,56.98,4.5,17.92
MKTCAMP_1138,App Install_Latin America_138,X,App Install,Awareness,Gamers,Latin America,Mobile,Search Ad,2025-01-02,12065.64,1709356,15935,0.93,0.76,2242,14.07,5.38,392467.54,32.53,10.27,
MKTCAMP_1139,Product Launch_Europe_139,YouTube,Product Launch,Engagement,Small Business Owners,Europe,Mobile,Video,2025-03-24,11298.69,1267005,62502,4.93,0.18,2010,3.22,5.62,177316.17,15.69,16.11,90.69
MKTCAMP_1140,Product Launch_APAC_140,Meta,Product Launch,Awareness,Pet Owners,APAC,Tablet,Story,2025-04-17,9646.08,855935,48072,5.62,0.2,3678,7.65,2.62,140218.73,14.54,3.9,
MKTCAMP_1141,Product Launch_Middle East_141,TikTok,Product Launch,Conversions,Gamers,Middle East,Tablet,Story,2025-01-25,18041.32,2861467,17726,0.62,1.02,777,4.38,23.22,80764.44,4.48,12.82,
MKTCAMP_1142,App Install_North America_142,YouTube,App Install,Engagement,Fitness Enthusiasts,North America,Desktop,Image,2025-04-30,982.91,57735,3971,6.88,0.25,143,3.62,6.87,34159.66,34.75,5.32,
MKTCAMP_1143,Retargeting_India_143,YouTube,Retargeting,Awareness,Young Professionals 25-34,India,Tablet,Search Ad,2025-03-16,2936.31,245977,15374,6.25,0.19,2379,15.47,1.23,703399.78,239.55,8.07,
MKTCAMP_1144,Product Launch_Middle East_144,X,Product Launch,Engagement,Fitness Enthusiasts,Middle East,Tablet,Image,2025-02-12,16868.09,1297108,35988,2.77,0.47,5824,16.19,2.9,198951.42,11.79,2.68,
MKTCAMP_1145,App Install_Middle East_145,YouTube,App Install,Conversions,Luxury Buyers,Middle East,Desktop,Carousel,2025-03-15,5593.21,250440,4682,1.87,1.19,501,10.7,11.16,82592.78,14.77,16.64,
MKTCAMP_1146,Lead Generation_North America_146,TikTok,Lead Generation,Engagement,Luxury Buyers,North America,Desktop,Story,2025-02-19,20527.37,2084084,52129,2.5,0.39,3724,7.14,5.51,815162.68,39.71,5.84,
MKTCAMP_1147,Sales Conversion_Middle East_147,X,Sales Conversion,Conversions,Fitness Enthusiasts,Middle East,Mobile,Search Ad,2025-03-17,15791.65,1795417,87465,4.87,0.18,7112,8.13,2.22,883516.95,55.95,17.61,
MKTCAMP_1148,Brand Awareness_North America_148,LinkedIn,Brand Awareness,Engagement,Students 18-24,North America,Tablet,Video,2025-04-03,19208.34,1252775,93138,7.43,0.21,8410,9.03,2.28,2659718.95,138.47,15.04,49.02
MKTCAMP_1149,Product Launch_North America_149,Meta,Product Launch,Awareness,Fitness Enthusiasts,North America,Desktop,Image,2025-03-21,1050.5,92824,4443,4.79,0.24,514,11.59,2.04,57837.37,55.06,3.61,
MKTCAMP_1150,Product Launch_India_150,X,Product Launch,Leads,Small Business Owners,India,Tablet,Story,2025-02-10,20955.79,4551438,212010,4.66,0.1,7429,3.5,2.82,870220.76,41.53,1.52,
MKTCAMP_1151,Sales Conversion_APAC_151,X,Sales Conversion,Leads,Students 18-24,APAC,Mobile,Video,2025-01-31,22900.32,1401389,71047,5.07,0.32,3762,5.3,6.09,780001.65,34.06,12.47,81.38
MKTCAMP_1152,Sales Conversion_Europe_152,X,Sales Conversion,Traffic,Pet Owners,Europe,Tablet,Story,2025-01-13,5557.32,233292,3519,1.51,1.58,571,16.25,9.73,176807.19,31.82,11.54,
MKTCAMP_1153,Sales Conversion_Middle East_153,X,Sales Conversion,Awareness,Small Business Owners,Middle East,Mobile,Video,2025-01-06,15212.66,2429562,44230,1.82,0.34,7298,16.5,2.08,1196919.93,78.68,7.83,56.51
MKTCAMP_1154,Brand Awareness_India_154,LinkedIn,Brand Awareness,Engagement,Pet Owners,India,Desktop,Carousel,2025-02-01,1650.67,115433,7362,6.38,0.22,143,1.95,11.54,31890.24,19.32,5.44,
MKTCAMP_1155,Product Launch_Latin America_155,YouTube,Product Launch,Conversions,Healthcare Professionals,Latin America,Mobile,Carousel,2025-01-11,10037.74,923119,30287,3.28,0.33,3962,13.08,2.53,495562.8,49.37,11.0,
MKTCAMP_1156,Product Launch_Latin America_156,YouTube,Product Launch,Engagement,Healthcare Professionals,Latin America,Mobile,Search Ad,2025-01-19,12163.23,1939558,154938,7.99,0.08,20637,13.32,0.59,2038541.87,167.6,1.74,
MKTCAMP_1157,Product Launch_Middle East_157,Meta,Product Launch,Traffic,Pet Owners,Middle East,Desktop,Story,2025-04-26,6925.47,1018833,8319,0.82,0.83,764,9.19,9.06,168836.14,24.38,6.98,
MKTCAMP_1158,Sales Conversion_Europe_158,LinkedIn,Sales Conversion,Engagement,Tech Decision Makers,Europe,Mobile,Image,2025-03-17,19387.35,1147492,11573,1.01,1.68,1532,13.24,12.65,288869.66,14.9,13.11,
MKTCAMP_1159,Sales Conversion_Latin America_159,LinkedIn,Sales Conversion,Engagement,Luxury Buyers,Latin America,Desktop,Image,2025-01-26,11153.27,940804,66183,7.03,0.17,9589,14.49,1.16,2419332.23,216.92,5.91,
MKTCAMP_1160,Product Launch_Europe_160,TikTok,Product Launch,Leads,Small Business Owners,Europe,Desktop,Image,2025-03-15,14960.65,1570498,17932,1.14,0.83,2968,16.55,5.04,218984.86,14.64,17.64,
MKTCAMP_1161,Sales Conversion_North America_161,LinkedIn,Sales Conversion,Engagement,Pet Owners,North America,Tablet,Image,2025-01-02,11427.14,837882,40129,4.79,0.28,6330,15.78,1.81,1673094.73,146.41,15.15,
MKTCAMP_1162,Sales Conversion_APAC_162,YouTube,Sales Conversion,Engagement,Young Professionals 25-34,APAC,Tablet,Image,2025-04-10,16640.19,2739138,199367,7.28,0.08,9707,4.87,1.71,1811481.4,108.86,5.03,
MKTCAMP_1163,App Install_Europe_163,Meta,App Install,Conversions,Parents with Kids,Europe,Tablet,Search Ad,2025-02-02,24697.87,5184840,37297,0.72,0.66,4791,12.85,5.16,1562246.7,63.25,4.32,
MKTCAMP_1164,Sales Conversion_Latin America_164,X,Sales Conversion,Traffic,Fitness Enthusiasts,Latin America,Mobile,Image,2025-04-11,14414.66,2951947,19924,0.67,0.72,2531,12.7,5.7,316758.91,21.97,17.19,
MKTCAMP_1165,Brand Awareness_India_165,TikTok,Brand Awareness,Conversions,Healthcare Professionals,India,Tablet,Video,2025-04-27,24290.93,5100317,216311,4.24,0.11,33713,15.59,0.72,10122524.04,416.72,6.72,81.31
MKTCAMP_1166,Retargeting_Europe_166,LinkedIn,Retargeting,Conversions,Luxury Buyers,Europe,Mobile,Search Ad,2025-04-23,1406.69,207245,4690,2.26,0.3,122,2.61,11.53,6664.25,4.74,13.25,
MKTCAMP_1167,App Install_India_167,LinkedIn,App Install,Awareness,Tech Decision Makers,India,Mobile,Story,2025-04-14,8826.94,1504622,13983,0.93,0.63,841,6.02,10.5,170417.9,19.31,14.88,
MKTCAMP_1168,Sales Conversion_North America_168,LinkedIn,Sales Conversion,Traffic,Parents with Kids,North America,Desktop,Carousel,2025-04-07,8309.44,1268522,96108,7.58,0.09,10838,11.28,0.77,1133080.73,136.36,1.62,
MKTCAMP_1169,Sales Conversion_APAC_169,Meta,Sales Conversion,Traffic,Luxury Buyers,APAC,Desktop,Story,2025-01-02,21817.42,956224,71574,7.49,0.3,6983,9.76,3.12,2307893.12,105.78,15.02,
MKTCAMP_1170,App Install_Middle East_170,LinkedIn,App Install,Awareness,Small Business Owners,Middle East,Desktop,Search Ad,2025-02-18,24949.39,2572983,170182,6.61,0.15,12821,7.53,1.95,2353425.3,94.33,12.06,
MKTCAMP_1171,Retargeting_Latin America_171,X,Retargeting,Engagement,Small Business Owners,Latin America,Mobile,Video,2025-03-21,21905.09,4756362,315014,6.62,0.07,24605,7.81,0.89,4055746.49,185.15,13.96,34.1
MKTCAMP_1172,Retargeting_Europe_172,YouTube,Retargeting,Traffic,Healthcare Professionals,Europe,Tablet,Story,2025-04-27,3206.62,332949,9078,2.73,0.35,516,5.69,6.21,54053.31,16.86,1.93,
MKTCAMP_1173,Retargeting_North America_173,X,Retargeting,Traffic,Luxury Buyers,North America,Mobile,Video,2025-02-08,937.91,204267,7894,3.86,0.12,570,7.23,1.65,141067.66,150.41,4.98,91.0
MKTCAMP_1174,Brand Awareness_Europe_174,TikTok,Brand Awareness,Conversions,Small Business Owners,Europe,Tablet,Story,2025-02-28,19765.45,1108722,41936,3.78,0.47,6661,15.88,2.97,2213545.2,111.99,9.29,
MKTCAMP_1175,Sales Conversion_Middle East_175,LinkedIn,Sales Conversion,Conversions,Tech Decision Makers,Middle East,Tablet,Story,2025-03-25,15528.58,1088027,91703,8.43,0.17,4176,4.55,3.72,1385071.32,89.19,12.44,
MKTCAMP_1176,Product Launch_Middle East_176,Google Ads,Product Launch,Traffic,Healthcare Professionals,Middle East,Desktop,Image,2025-01-28,15389.55,2035790,46180,2.27,0.33,1657,3.59,9.29,166620.61,10.83,4.43,
MKTCAMP_1177,Product Launch_India_177,TikTok,Product Launch,Awareness,Gamers,India,Mobile,Search Ad,2025-04-26,19599.82,2019223,17537,0.87,1.12,3061,17.46,6.4,957515.95,48.85,17.25,
MKTCAMP_1178,Retargeting_Middle East_178,X,Retargeting,Conversions,Young Professionals 25-34,Middle East,Desktop,Video,2025-04-19,24875.24,1773633,64020,3.61,0.39,8815,13.77,2.82,2227784.96,89.56,3.86,80.27
MKTCAMP_1179,Brand Awareness_Latin America_179,TikTok,Brand Awareness,Leads,Gamers,Latin America,Tablet,Video,2025-01-07,5998.79,481625,22874,4.75,0.26,2487,10.88,2.41,536265.81,89.4,2.78,85.2
MKTCAMP_1180,Lead Generation_APAC_180,LinkedIn,Lead Generation,Traffic,Fitness Enthusiasts,APAC,Mobile,Search Ad,2025-01-27,7007.2,443644,33711,7.6,0.21,5806,17.22,1.21,1775944.14,253.45,15.2,
MKTCAMP_1181,Lead Generation_India_181,YouTube,Lead Generation,Leads,Gamers,India,Mobile,Video,2025-02-05,16553.43,2303481,25444,1.1,0.65,1945,7.65,8.51,290311.33,17.54,5.69,72.87
MKTCAMP_1182,Lead Generation_India_182,Meta,Lead Generation,Traffic,Tech Decision Makers,India,Mobile,Video,2025-01-17,12648.96,690485,15076,2.18,0.84,1878,12.46,6.74,102091.6,8.07,15.93,54.61
MKTCAMP_1183,Retargeting_APAC_183,Google Ads,Retargeting,Traffic,Gamers,APAC,Desktop,Carousel,2025-02-03,12274.37,1799832,127426,7.08,0.1,8393,6.59,1.46,2072778.66,168.87,10.99,
MKTCAMP_1184,Lead Generation_APAC_184,Google Ads,Lead Generation,Traffic,Luxury Buyers,APAC,Mobile,Story,2025-02-27,7042.19,1395433,95714,6.86,0.07,11507,12.02,0.61,3477256.07,493.77,16.2,
MKTCAMP_1185,App Install_North America_185,LinkedIn,App Install,Leads,Healthcare Professionals,North America,Desktop,Carousel,2025-03-20,17854.89,3404256,205941,6.05,0.09,25541,12.4,0.7,5822215.03,326.09,14.22,
MKTCAMP_1186,Sales Conversion_India_186,Google Ads,Sales Conversion,Traffic,Tech Decision Makers,India,Desktop,Video,2025-03-03,4385.83,870836,64981,7.46,0.07,657,1.01,6.68,193329.71,44.08,3.43,41.81
MKTCAMP_1187,Product Launch_Middle East_187,TikTok,Product Launch,Engagement,Small Business Owners,Middle East,Tablet,Video,2025-04-26,18715.95,1290217,90644,7.03,0.21,13653,15.06,1.37,2626696.23,140.35,1.31,37.96
MKTCAMP_1188,Retargeting_Europe_188,Google Ads,Retargeting,Conversions,Healthcare Professionals,Europe,Mobile,Image,2025-03-21,15614.71,3382357,186627,5.52,0.08,9418,5.05,1.66,2193281.03,140.46,10.54,
MKTCAMP_1189,App Install_Latin America_189,X,App Install,Engagement,Tech Decision Makers,Latin America,Desktop,Search Ad,2025-03-09,19606.21,1161795,76264,6.56,0.26,7605,9.97,2.58,2571687.34,131.17,7.11,
MKTCAMP_1190,Product Launch_APAC_190,LinkedIn,Product Launch,Traffic,Tech Decision Makers,APAC,Desktop,Video,2025-04-20,15999.24,3324083,40897,1.23,0.39,6912,16.9,2.31,1728853.16,108.06,2.37,39.08
MKTCAMP_1191,Sales Conversion_Latin America_191,X,Sales Conversion,Engagement,Tech Decision Makers,Latin America,Mobile,Story,2025-04-24,17850.22,930408,47595,5.12,0.38,3118,6.55,5.72,713064.67,39.95,1.99,
MKTCAMP_1192,Product Launch_Middle East_192,Meta,Product Launch,Engagement,Parents with Kids,Middle East,Desktop,Video,2025-02-10,21852.65,4703302,387924,8.25,0.06,52831,13.62,0.41,3784157.57,173.17,14.32,16.97
MKTCAMP_1193,Retargeting_India_193,TikTok,Retargeting,Engagement,Pet Owners,India,Mobile,Video,2025-01-12,1042.03,102379,4461,4.36,0.23,623,13.98,1.67,154911.77,148.66,8.91,36.89
MKTCAMP_1194,Brand Awareness_North America_194,Google Ads,Brand Awareness,Awareness,Luxury Buyers,North America,Tablet,Carousel,2025-03-13,24929.55,2909593,118019,4.06,0.21,3969,3.36,6.28,1128541.71,45.27,13.2,
MKTCAMP_1195,App Install_APAC_195,Google Ads,App Install,Traffic,Tech Decision Makers,APAC,Desktop,Story,2025-02-15,5908.86,323974,19153,5.91,0.31,2289,11.95,2.58,268827.14,45.5,17.65,
MKTCAMP_1196,Product Launch_India_196,X,Product Launch,Awareness,Young Professionals 25-34,India,Tablet,Image,2025-01-14,4200.92,494953,39810,8.04,0.11,3123,7.85,1.35,731807.29,174.2,8.08,
MKTCAMP_1197,App Install_Europe_197,YouTube,App Install,Engagement,Gamers,Europe,Tablet,Carousel,2025-04-19,7218.27,1567201,58231,3.72,0.12,9402,16.15,0.77,973910.63,134.92,4.89,
MKTCAMP_1198,Retargeting_India_198,Google Ads,Retargeting,Awareness,Tech Decision Makers,India,Mobile,Search Ad,2025-01-29,1262.79,198636,6723,3.39,0.19,1050,15.63,1.2,190498.53,150.86,17.95,
MKTCAMP_1199,App Install_APAC_199,TikTok,App Install,Leads,Healthcare Professionals,APAC,Tablet,Video,2025-03-19,5045.38,990671,66280,6.69,0.08,9273,13.99,0.54,2784965.96,551.98,14.37,65.1
MKTCAMP_1200,Sales Conversion_North America_200,X,Sales Conversion,Awareness,Pet Owners,North America,Mobile,Image,2025-04-28,3715.5,170373,13389,7.86,0.28,1511,11.29,2.46,430471.71,115.86,9.53,
MKTCAMP_1201,Retargeting_Europe_201,LinkedIn,Retargeting,Leads,Young Professionals 25-34,Europe,Mobile,Story,2025-01-09,3374.05,210990,12560,5.95,0.27,1008,8.03,3.35,94921.26,28.13,9.7,
MKTCAMP_1202,Sales Conversion_North America_202,Meta,Sales Conversion,Leads,Young Professionals 25-34,North America,Tablet,Carousel,2025-02-18,2073.12,300094,7738,2.58,0.27,1118,14.46,1.85,144575.09,69.74,9.08,
MKTCAMP_1203,Product Launch_Europe_203,TikTok,Product Launch,Awareness,Parents with Kids,Europe,Desktop,Image,2025-04-10,784.7,41620,1489,3.58,0.53,132,8.9,5.94,29304.87,37.35,6.25,
MKTCAMP_1204,App Install_North America_204,YouTube,App Install,Conversions,Small Business Owners,North America,Mobile,Search Ad,2025-01-07,17527.06,3414657,229355,6.72,0.08,2736,1.19,6.41,502773.44,28.69,3.02,
MKTCAMP_1205,Brand Awareness_Middle East_205,X,Brand Awareness,Engagement,Pet Owners,Middle East,Tablet,Story,2025-03-19,6430.1,1399185,21746,1.55,0.3,2007,9.23,3.2,457214.34,71.11,13.35,
MKTCAMP_1206,Product Launch_Europe_206,TikTok,Product Launch,Traffic,Pet Owners,Europe,Tablet,Image,2025-02-25,14211.39,593449,18066,3.04,0.79,1727,9.56,8.23,100368.54,7.06,7.27,
MKTCAMP_1207,Retargeting_Middle East_207,Google Ads,Retargeting,Awareness,Healthcare Professionals,Middle East,Tablet,Video,2025-01-29,1313.48,71117,2570,3.62,0.51,72,2.82,18.24,15236.14,11.6,13.13,79.05
MKTCAMP_1208,App Install_North America_208,TikTok,App Install,Awareness,Young Professionals 25-34,North America,Mobile,Carousel,2025-04-09,5403.68,379051,4726,1.25,1.14,549,11.64,9.84,140583.66,26.02,1.75,
MKTCAMP_1209,Retargeting_India_209,Meta,Retargeting,Traffic,Pet Owners,India,Mobile,Story,2025-04-06,23437.2,1156739,55344,4.78,0.42,7144,12.91,3.28,2205425.09,94.1,13.55,
MKTCAMP_1210,Lead Generation_Middle East_210,TikTok,Lead Generation,Conversions,Fitness Enthusiasts,Middle East,Tablet,Search Ad,2025-03-13,20142.34,2036411,142550,7.0,0.14,2711,1.9,7.43,857601.35,42.58,10.67,
MKTCAMP_1211,Retargeting_Middle East_211,X,Retargeting,Traffic,Small Business Owners,Middle East,Tablet,Story,2025-01-03,20523.8,2491944,139872,5.61,0.15,13584,9.71,1.51,3587651.86,174.8,2.61,
MKTCAMP_1212,Brand Awareness_APAC_212,TikTok,Brand Awareness,Leads,Parents with Kids,APAC,Desktop,Story,2025-04-01,1978.63,167151,2828,1.69,0.7,445,15.76,4.45,44566.07,22.52,18.08,
MKTCAMP_1213,Product Launch_North America_213,X,Product Launch,Traffic,Pet Owners,North America,Desktop,Image,2025-01-22,8753.95,637123,43302,6.8,0.2,5208,12.03,1.68,986513.05,112.69,10.81,
MKTCAMP_1214,Product Launch_North America_214,YouTube,Product Launch,Traffic,Parents with Kids,North America,Desktop,Carousel,2025-02-25,18120.44,1469963,124510,8.47,0.15,21862,17.56,0.83,5205434.45,287.27,4.65,
MKTCAMP_1215,Product Launch_North America_215,YouTube,Product Launch,Awareness,Tech Decision Makers,North America,Desktop,Image,2025-01-29,17165.59,909702,5897,0.65,2.91,295,5.01,58.19,52521.61,3.06,16.22,
MKTCAMP_1216,Lead Generation_APAC_216,LinkedIn,Lead Generation,Traffic,Small Business Owners,APAC,Tablet,Search Ad,2025-03-07,18315.64,3181191,122364,3.85,0.15,8019,6.55,2.28,1192685.15,65.12,18.29,
MKTCAMP_1217,Retargeting_Latin America_217,Meta,Retargeting,Conversions,Parents with Kids,Latin America,Tablet,Carousel,2025-01-14,1482.68,290702,14788,5.09,0.1,1209,8.18,1.23,316857.68,213.71,9.62,
MKTCAMP_1218,Retargeting_Europe_218,Meta,Retargeting,Conversions,Gamers,Europe,Tablet,Video,2025-01-23,21898.87,4426338,168906,3.82,0.13,9027,5.34,2.43,1981896.85,90.5,16.98,31.85
MKTCAMP_1219,Product Launch_APAC_219,X,Product Launch,Engagement,Students 18-24,APAC,Tablet,Search Ad,2025-03-24,15762.68,2422421,153538,6.34,0.1,4302,2.8,3.66,1114493.28,70.7,16.93,
MKTCAMP_1220,App Install_Latin America_220,X,App Install,Conversions,Parents with Kids,Latin America,Desktop,Story,2025-01-09,4902.24,405698,33544,8.27,0.15,1230,3.67,3.99,373185.97,76.13,9.72,
MKTCAMP_1221,Product Launch_India_221,TikTok,Product Launch,Traffic,Pet Owners,India,Tablet,Image,2025-03-06,6557.16,1290022,51690,4.01,0.13,4915,9.51,1.33,712452.24,108.65,11.46,
MKTCAMP_1222,Retargeting_Middle East_222,Google Ads,Retargeting,Traffic,Students 18-24,Middle East,Mobile,Image,2025-04-17,4506.33,497474,41052,8.25,0.11,2059,5.02,2.19,494480.65,109.73,6.83,
MKTCAMP_1223,Brand Awareness_APAC_223,LinkedIn,Brand Awareness,Leads,Small Business Owners,APAC,Tablet,Story,2025-03-01,19450.09,1236194,102054,8.26,0.19,8614,8.44,2.26,909088.38,46.74,2.47,
MKTCAMP_1224,App Install_Middle East_224,YouTube,App Install,Conversions,Young Professionals 25-34,Middle East,Tablet,Image,2025-03-19,4659.07,622262,19475,3.13,0.24,2922,15.01,1.59,490557.07,105.29,5.5,
MKTCAMP_1225,App Install_North America_225,TikTok,App Install,Traffic,Fitness Enthusiasts,North America,Desktop,Image,2025-04-02,15620.05,2611983,45789,1.75,0.34,1572,3.43,9.94,65607.19,4.2,13.94,
MKTCAMP_1226,App Install_North America_226,Google Ads,App Install,Engagement,Fitness Enthusiasts,North America,Mobile,Story,2025-03-09,16763.21,2102669,152186,7.24,0.11,22217,14.6,0.75,4828051.73,288.01,16.22,
MKTCAMP_1227,App Install_India_227,YouTube,App Install,Awareness,Fitness Enthusiasts,India,Desktop,Story,2025-02-22,5543.11,333393,8618,2.58,0.64,129,1.5,42.97,25796.68,4.65,17.4,
MKTCAMP_1228,Sales Conversion_North America_228,LinkedIn,Sales Conversion,Awareness,Healthcare Professionals,North America,Tablet,Video,2025-02-12,1463.92,90733,3686,4.06,0.4,620,16.84,2.36,81325.37,55.55,9.98,18.33
MKTCAMP_1229,App Install_India_229,Google Ads,App Install,Leads,Luxury Buyers,India,Desktop,Carousel,2025-02-12,4134.41,899620,73925,8.22,0.06,433,0.59,9.55,144873.04,35.04,12.26,
MKTCAMP_1230,App Install_India_230,Google Ads,App Install,Engagement,Fitness Enthusiasts,India,Desktop,Carousel,2025-03-18,21764.0,2652012,121364,4.58,0.18,10989,9.05,1.98,2674684.82,122.89,3.62,
MKTCAMP_1231,Brand Awareness_APAC_231,X,Brand Awareness,Awareness,Pet Owners,APAC,Desktop,Carousel,2025-03-27,1234.35,117790,7194,6.11,0.17,290,4.03,4.26,71194.53,57.68,17.98,
MKTCAMP_1232,Sales Conversion_North America_232,X,Sales Conversion,Engagement,Tech Decision Makers,North America,Tablet,Search Ad,2025-02-16,2800.57,451083,18017,3.99,0.16,2827,15.69,0.99,245066.79,87.51,13.18,
MKTCAMP_1233,Retargeting_Europe_233,Google Ads,Retargeting,Awareness,Pet Owners,Europe,Mobile,Story,2025-01-25,21033.82,4417744,262162,5.93,0.08,24120,9.2,0.87,5492392.14,261.12,16.23,
MKTCAMP_1234,Lead Generation_North America_234,Meta,Lead Generation,Traffic,Fitness Enthusiasts,North America,Desktop,Search Ad,2025-04-09,14479.94,658398,52281,7.94,0.28,6570,12.57,2.2,1619401.74,111.84,4.93,
MKTCAMP_1235,Sales Conversion_North America_235,YouTube,Sales Conversion,Awareness,Tech Decision Makers,North America,Tablet,Search Ad,2025-01-17,16642.69,1845600,104737,5.67,0.16,2477,2.37,6.72,595744.5,35.8,18.49,
MKTCAMP_1236,Product Launch_Europe_236,YouTube,Product Launch,Leads,Fitness Enthusiasts,Europe,Mobile,Carousel,2025-04-03,1681.19,362954,13414,3.7,0.13,2111,15.74,0.8,591847.04,352.04,11.01,
MKTCAMP_1237,Brand Awareness_India_237,TikTok,Brand Awareness,Conversions,Luxury Buyers,India,Tablet,Story,2025-03-20,18592.01,3683687,135321,3.67,0.14,8421,6.22,2.21,2051607.25,110.35,15.18,
MKTCAMP_1238,Sales Conversion_Europe_238,LinkedIn,Sales Conversion,Conversions,Students 18-24,Europe,Tablet,Image,2025-04-14,19175.99,3520835,138306,3.93,0.14,20486,14.81,0.94,1402612.87,73.14,10.62,
MKTCAMP_1239,Lead Generation_Latin America_239,TikTok,Lead Generation,Engagement,Parents with Kids,Latin America,Tablet,Story,2025-04-09,641.09,63099,2125,3.37,0.3,157,7.43,4.08,39650.27,61.85,7.92,
MKTCAMP_1240,Product Launch_APAC_240,LinkedIn,Product Launch,Conversions,Tech Decision Makers,APAC,Desktop,Carousel,2025-04-13,11492.99,951136,32560,3.42,0.35,1457,4.48,7.89,77836.87,6.77,11.64,
MKTCAMP_1241,Lead Generation_North America_241,YouTube,Lead Generation,Engagement,Pet Owners,North America,Tablet,Image,2025-03-12,16871.21,2556127,106189,4.15,0.16,7588,7.15,2.22,2323952.23,137.75,10.18,
MKTCAMP_1242,Sales Conversion_North America_242,Google Ads,Sales Conversion,Traffic,Tech Decision Makers,North America,Desktop,Carousel,2025-02-04,12239.96,546092,17278,3.16,0.71,1235,7.15,9.91,194664.76,15.9,11.24,
MKTCAMP_1243,App Install_Middle East_243,TikTok,App Install,Conversions,Fitness Enthusiasts,Middle East,Mobile,Story,2025-04-24,13573.26,2028156,133768,6.6,0.1,19700,14.73,0.69,5118047.87,377.07,17.73,
MKTCAMP_1244,Brand Awareness_North America_244,LinkedIn,Brand Awareness,Leads,Luxury Buyers,North America,Desktop,Image,2025-01-31,946.7,71229,328,0.46,2.89,38,11.83,24.91,12060.05,12.74,5.41,
MKTCAMP_1245,Brand Awareness_Europe_245,TikTok,Brand Awareness,Awareness,Parents with Kids,Europe,Mobile,Video,2025-04-18,23212.35,1180304,94057,7.97,0.25,6257,6.65,3.71,390778.84,16.83,9.61,35.54
MKTCAMP_1246,Sales Conversion_Europe_246,X,Sales Conversion,Traffic,Parents with Kids,Europe,Mobile,Image,2025-04-28,7479.39,712877,49220,6.9,0.15,4890,9.94,1.53,633834.29,84.74,11.76,
MKTCAMP_1247,Sales Conversion_Latin America_247,TikTok,Sales Conversion,Engagement,Fitness Enthusiasts,Latin America,Desktop,Search Ad,2025-01-01,18045.69,1607371,60272,3.75,0.3,1586,2.63,11.38,139516.92,7.73,12.98,
MKTCAMP_1248,Brand Awareness_Europe_248,Google Ads,Brand Awareness,Leads,Pet Owners,Europe,Mobile,Search Ad,2025-03-09,4945.24,665280,40869,6.14,0.12,968,2.37,5.11,204770.63,41.41,5.64,
MKTCAMP_1249,Brand Awareness_Europe_249,TikTok,Brand Awareness,Traffic,Pet Owners,Europe,Desktop,Video,2025-01-31,24091.71,3060567,212052,6.93,0.11,21478,10.13,1.12,942712.6,39.13,12.15,91.11
MKTCAMP_1250,Sales Conversion_Middle East_250,TikTok,Sales Conversion,Traffic,Healthcare Professionals,Middle East,Mobile,Story,2025-03-18,15239.49,2856703,216025,7.56,0.07,9702,4.49,1.57,949382.89,62.3,11.77,
MKTCAMP_1251,Brand Awareness_APAC_251,YouTube,Brand Awareness,Conversions,Tech Decision Makers,APAC,Mobile,Image,2025-02-24,10570.2,2020758,155400,7.69,0.07,10388,6.68,1.02,1099035.64,103.97,14.7,
MKTCAMP_1252,App Install_Europe_252,Google Ads,App Install,Engagement,Parents with Kids,Europe,Tablet,Carousel,2025-03-27,7232.75,1360267,52129,3.83,0.14,6350,12.18,1.14,384627.76,53.18,11.99,
MKTCAMP_1253,Brand Awareness_India_253,X,Brand Awareness,Leads,Tech Decision Makers,India,Mobile,Search Ad,2025-03-06,11568.31,1684224,29657,1.76,0.39,3972,13.4,2.91,1215809.6,105.1,4.95,
MKTCAMP_1254,App Install_Middle East_254,YouTube,App Install,Traffic,Young Professionals 25-34,Middle East,Desktop,Story,2025-02-17,2845.01,125905,7050,5.6,0.4,784,11.12,3.63,160675.45,56.48,5.21,
MKTCAMP_1255,Sales Conversion_India_255,LinkedIn,Sales Conversion,Awareness,Young Professionals 25-34,India,Mobile,Carousel,2025-04-04,10077.2,1481406,65534,4.42,0.15,11656,17.79,0.86,858589.36,85.2,13.23,
MKTCAMP_1256,Sales Conversion_APAC_256,X,Sales Conversion,Awareness,Small Business Owners,APAC,Tablet,Carousel,2025-01-06,10405.81,1218269,75685,6.21,0.14,9549,12.62,1.09,3315431.11,318.61,3.42,
MKTCAMP_1257,App Install_Latin America_257,LinkedIn,App Install,Engagement,Parents with Kids,Latin America,Mobile,Story,2025-03-22,3050.69,519779,26430,5.08,0.12,1400,5.3,2.18,77579.88,25.43,2.68,
MKTCAMP_1258,Lead Generation_Latin America_258,Meta,Lead Generation,Traffic,Small Business Owners,Latin America,Desktop,Image,2025-01-26,22407.68,1670181,50427,3.02,0.44,2252,4.47,9.95,323384.54,14.43,2.4,
MKTCAMP_1259,Lead Generation_India_259,Google Ads,Lead Generation,Leads,Young Professionals 25-34,India,Desktop,Story,2025-04-15,13216.96,689532,47459,6.88,0.28,2178,4.59,6.07,441706.7,33.42,16.43,
MKTCAMP_1260,Product Launch_North America_260,YouTube,Product Launch,Conversions,Pet Owners,North America,Tablet,Image,2025-02-15,16446.5,2235612,67674,3.03,0.24,4282,6.33,3.84,1045817.81,63.59,18.4,
MKTCAMP_1261,Sales Conversion_India_261,Google Ads,Sales Conversion,Awareness,Parents with Kids,India,Mobile,Story,2025-04-24,16715.06,2346811,148277,6.32,0.11,12812,8.64,1.3,630933.98,37.75,10.93,
MKTCAMP_1262,Sales Conversion_Middle East_262,TikTok,Sales Conversion,Conversions,Students 18-24,Middle East,Desktop,Story,2025-03-30,23961.82,1714576,102686,5.99,0.23,4124,4.02,5.81,830841.08,34.67,2.87,
MKTCAMP_1263,Retargeting_India_263,TikTok,Retargeting,Engagement,Tech Decision Makers,India,Mobile,Video,2025-02-25,11534.09,2031261,65311,3.22,0.18,7926,12.14,1.46,2255295.64,195.53,17.24,33.77
MKTCAMP_1264,Lead Generation_India_264,YouTube,Lead Generation,Traffic,Tech Decision Makers,India,Desktop,Video,2025-02-11,10283.24,693449,58520,8.44,0.18,9786,16.72,1.05,1984466.55,192.98,15.77,56.68
MKTCAMP_1265,Retargeting_Middle East_265,X,Retargeting,Engagement,Pet Owners,Middle East,Tablet,Carousel,2025-03-30,15777.85,884228,57631,6.52,0.27,1576,2.73,10.01,463882.43,29.4,14.73,
MKTCAMP_1266,Retargeting_North America_266,TikTok,Retargeting,Awareness,Students 18-24,North America,Tablet,Search Ad,2025-02-25,17864.25,830846,23723,2.86,0.75,1210,5.1,14.76,175744.82,9.84,2.72,
MKTCAMP_1267,Sales Conversion_North America_267,LinkedIn,Sales Conversion,Engagement,Young Professionals 25-34,North America,Tablet,Image,2025-03-07,23455.47,3276363,94187,2.87,0.25,7014,7.45,3.34,1214157.16,51.76,11.59,
MKTCAMP_1268,Sales Conversion_North America_268,X,Sales Conversion,Leads,Fitness Enthusiasts,North America,Mobile,Story,2025-01-05,13134.15,2698943,119439,4.43,0.11,21335,17.86,0.62,6452898.47,491.31,4.81,
MKTCAMP_1269,Brand Awareness_Latin America_269,Meta,Brand Awareness,Awareness,Gamers,Latin America,Desktop,Story,2025-03-14,23299.58,1420015,99704,7.02,0.23,7139,7.16,3.26,2219884.78,95.28,16.22,
MKTCAMP_1270,App Install_Latin America_270,Google Ads,App Install,Awareness,Fitness Enthusiasts,Latin America,Desktop,Image,2025-02-26,20245.17,3688780,105790,2.87,0.19,2027,1.92,9.99,322199.06,15.91,4.2,
MKTCAMP_1271,App Install_APAC_271,Google Ads,App Install,Engagement,Fitness Enthusiasts,APAC,Desktop,Image,2025-03-25,17526.3,1792904,148854,8.3,0.12,17441,11.72,1.0,5113592.72,291.77,3.49,
MKTCAMP_1272,Lead Generation_North America_272,LinkedIn,Lead Generation,Conversions,Small Business Owners,North America,Tablet,Story,2025-03-08,21619.35,4455667,193607,4.35,0.11,21508,11.11,1.01,5909089.34,273.32,4.22,
MKTCAMP_1273,App Install_India_273,TikTok,App Install,Engagement,Small Business Owners,India,Desktop,Carousel,2025-03-20,12812.87,1431957,22705,1.59,0.56,1573,6.93,8.15,81505.21,6.36,1.65,
MKTCAMP_1274,Sales Conversion_Europe_274,LinkedIn,Sales Conversion,Conversions,Students 18-24,Europe,Mobile,Video,2025-02-27,3811.57,813239,39451,4.85,0.1,6865,17.4,0.56,1156061.34,303.3,6.59,55.49
MKTCAMP_1275,Sales Conversion_North America_275,Meta,Sales Conversion,Awareness,Students 18-24,North America,Tablet,Image,2025-04-01,11268.04,665035,37180,5.59,0.3,1591,4.28,7.08,363174.62,32.23,12.45,
MKTCAMP_1276,App Install_India_276,Google Ads,App Install,Conversions,Tech Decision Makers,India,Desktop,Carousel,2025-04-12,4224.61,215636,14499,6.72,0.29,1239,8.55,3.41,60230.78,14.26,18.41,
MKTCAMP_1277,App Install_North America_277,LinkedIn,App Install,Conversions,Gamers,North America,Mobile,Carousel,2025-04-12,1915.62,316281,26465,8.37,0.07,1240,4.69,1.54,93644.55,48.88,3.3,
MKTCAMP_1278,Brand Awareness_APAC_278,TikTok,Brand Awareness,Awareness,Parents with Kids,APAC,Tablet,Story,2025-04-13,7930.24,461446,27716,6.01,0.29,440,1.59,18.02,84926.64,10.71,18.44,
MKTCAMP_1279,Lead Generation_North America_279,YouTube,Lead Generation,Awareness,Healthcare Professionals,North America,Mobile,Story,2025-04-02,20442.27,3081457,88766,2.88,0.23,10135,11.42,2.02,2013350.88,98.49,8.57,
MKTCAMP_1280,Product Launch_Middle East_280,X,Product Launch,Leads,Tech Decision Makers,Middle East,Desktop,Video,2025-01-17,3702.4,738957,29877,4.04,0.12,1166,3.91,3.18,172198.37,46.51,8.36,81.2
MKTCAMP_1281,Sales Conversion_Middle East_281,LinkedIn,Sales Conversion,Leads,Small Business Owners,Middle East,Desktop,Image,2025-01-17,18473.55,3297064,16134,0.49,1.15,1255,7.78,14.72,230957.81,12.5,1.53,
MKTCAMP_1282,Sales Conversion_Europe_282,YouTube,Sales Conversion,Engagement,Healthcare Professionals,Europe,Mobile,Search Ad,2025-04-27,6865.42,1214164,18341,1.51,0.37,1809,9.87,3.8,178846.06,26.05,1.41,
MKTCAMP_1283,Brand Awareness_Europe_283,Google Ads,Brand Awareness,Conversions,Tech Decision Makers,Europe,Desktop,Carousel,2025-02-11,6409.44,1382242,95270,6.89,0.07,16474,17.29,0.39,3066030.41,478.36,3.1,
MKTCAMP_1284,Lead Generation_APAC_284,X,Lead Generation,Traffic,Parents with Kids,APAC,Desktop,Image,2025-01-26,13925.01,1695898,122771,7.24,0.11,2721,2.22,5.12,506751.32,36.39,3.8,
MKTCAMP_1285,App Install_Europe_285,X,App Install,Awareness,Pet Owners,Europe,Tablet,Search Ad,2025-03-10,8454.56,1460307,62146,4.26,0.14,4398,7.08,1.92,687110.14,81.27,9.15,
MKTCAMP_1286,App Install_APAC_286,Google Ads,App Install,Conversions,Fitness Enthusiasts,APAC,Tablet,Carousel,2025-03-26,19732.91,3957933,322104,8.14,0.06,45966,14.27,0.43,6018337.88,304.99,13.1,
MKTCAMP_1287,Sales Conversion_India_287,YouTube,Sales Conversion,Traffic,Healthcare Professionals,India,Tablet,Video,2025-01-11,11221.28,963242,69459,7.21,0.16,814,1.17,13.79,259310.96,23.11,9.18,65.98
MKTCAMP_1288,Sales Conversion_India_288,Google Ads,Sales Conversion,Conversions,Healthcare Professionals,India,Tablet,Search Ad,2025-02-23,16654.17,3349506,186132,5.56,0.09,20928,11.24,0.8,1074206.05,64.5,10.17,
MKTCAMP_1289,Sales Conversion_Middle East_289,YouTube,Sales Conversion,Leads,Young Professionals 25-34,Middle East,Tablet,Image,2025-03-24,4179.14,721896,32839,4.55,0.13,4073,12.4,1.03,176504.79,42.23,2.67,
MKTCAMP_1290,Product Launch_Latin America_290,LinkedIn,Product Launch,Awareness,Gamers,Latin America,Desktop,Story,2025-01-10,18049.92,956197,9343,0.98,1.93,66,0.71,273.48,22181.31,1.23,13.96,
MKTCAMP_1291,Brand Awareness_Middle East_291,X,Brand Awareness,Engagement,Fitness Enthusiasts,Middle East,Desktop,Story,2025-01-27,9154.66,854829,27633,3.23,0.33,3884,14.06,2.36,938524.31,102.52,4.4,
MKTCAMP_1292,App Install_India_292,LinkedIn,App Install,Awareness,Fitness Enthusiasts,India,Tablet,Image,2025-02-21,4765.68,275033,15810,5.75,0.3,2193,13.88,2.17,251788.98,52.83,1.56,
MKTCAMP_1293,Retargeting_APAC_293,Meta,Retargeting,Awareness,Tech Decision Makers,APAC,Mobile,Carousel,2025-03-01,2513.21,538366,15037,2.79,0.17,2099,13.96,1.2,482544.03,192.0,7.81,
MKTCAMP_1294,Retargeting_Europe_294,Google Ads,Retargeting,Traffic,Students 18-24,Europe,Mobile,Video,2025-02-07,5539.34,342605,18437,5.38,0.3,2591,14.06,2.14,611603.89,110.41,10.37,18.36
MKTCAMP_1295,App Install_Europe_295,TikTok,App Install,Awareness,Luxury Buyers,Europe,Mobile,Search Ad,2025-04-03,24227.98,4452340,123412,2.77,0.2,21781,17.65,1.11,4848496.53,200.12,11.28,
MKTCAMP_1296,Lead Generation_Middle East_296,LinkedIn,Lead Generation,Engagement,Fitness Enthusiasts,Middle East,Tablet,Story,2025-04-23,18827.79,3504201,200351,5.72,0.09,5492,2.74,3.43,759244.85,40.33,17.26,
MKTCAMP_1297,Product Launch_North America_297,LinkedIn,Product Launch,Leads,Young Professionals 25-34,North America,Desktop,Story,2025-01-31,6003.08,642269,25047,3.9,0.24,2051,8.19,2.93,463814.51,77.26,17.52,
MKTCAMP_1298,App Install_North America_298,Meta,App Install,Awareness,Parents with Kids,North America,Mobile,Story,2025-03-18,6396.97,395782,7913,2.0,0.81,1267,16.02,5.05,299847.54,46.87,6.15,
MKTCAMP_1299,Sales Conversion_India_299,X,Sales Conversion,Traffic,Students 18-24,India,Tablet,Video,2025-02-25,20490.7,3996641,290026,7.26,0.07,48089,16.58,0.43,5324275.89,259.84,14.26,51.84
MKTCAMP_1300,Retargeting_Middle East_300,Meta,Retargeting,Traffic,Parents with Kids,Middle East,Desktop,Story,2025-01-07,21128.96,3615763,241866,6.69,0.09,28982,11.98,0.73,2514976.99,119.03,10.63,
MKTCAMP_1301,App Install_India_301,YouTube,App Install,Awareness,Gamers,India,Tablet,Video,2025-02-19,24624.41,5139849,38533,0.75,0.64,1304,3.38,18.88,94087.78,3.82,13.76,80.42
MKTCAMP_1302,Product Launch_India_302,YouTube,Product Launch,Leads,Tech Decision Makers,India,Tablet,Video,2025-01-17,5731.03,751071,54149,7.21,0.11,7214,13.32,0.79,1468163.74,256.18,11.41,55.67
MKTCAMP_1303,Product Launch_India_303,Google Ads,Product Launch,Awareness,Parents with Kids,India,Tablet,Carousel,2025-01-26,7789.94,1103865,66010,5.98,0.12,10418,15.78,0.75,2433782.66,312.43,14.37,
MKTCAMP_1304,App Install_APAC_304,YouTube,App Install,Traffic,Luxury Buyers,APAC,Mobile,Video,2025-01-18,4421.76,544231,2588,0.48,1.71,124,4.82,35.66,32546.0,7.36,18.36,22.93
MKTCAMP_1305,Retargeting_APAC_305,X,Retargeting,Conversions,Students 18-24,APAC,Desktop,Search Ad,2025-04-25,10336.61,1902068,39043,2.05,0.26,3987,10.21,2.59,1054891.68,102.05,11.86,
MKTCAMP_1306,Lead Generation_APAC_306,YouTube,Lead Generation,Conversions,Parents with Kids,APAC,Desktop,Story,2025-03-20,5106.61,530930,35830,6.75,0.14,3654,10.2,1.4,115734.88,22.66,14.37,
MKTCAMP_1307,Retargeting_India_307,X,Retargeting,Leads,Healthcare Professionals,India,Tablet,Search Ad,2025-03-04,1365.13,237849,4852,2.04,0.28,837,17.27,1.63,123659.25,90.58,6.86,
MKTCAMP_1308,App Install_Middle East_308,X,App Install,Awareness,Pet Owners,Middle East,Mobile,Image,2025-03-28,4147.76,394073,29558,7.5,0.14,5301,17.94,0.78,783800.82,188.97,8.96,
MKTCAMP_1309,Product Launch_India_309,Google Ads,Product Launch,Traffic,Healthcare Professionals,India,Tablet,Search Ad,2025-03-02,18190.74,3629329,188857,5.2,0.1,13884,7.35,1.31,2249749.32,123.68,13.23,
MKTCAMP_1310,Sales Conversion_APAC_310,LinkedIn,Sales Conversion,Traffic,Healthcare Professionals,APAC,Mobile,Search Ad,2025-03-03,578.85,87710,2876,3.28,0.2,414,14.4,1.4,24739.4,42.74,11.38,
MKTCAMP_1311,App Install_Middle East_311,Meta,App Install,Conversions,Healthcare Professionals,Middle East,Mobile,Video,2025-03-15,12283.84,1911593,17688,0.93,0.69,1883,10.65,6.52,394818.15,32.14,10.9,63.28
MKTCAMP_1312,Brand Awareness_North America_312,X,Brand Awareness,Awareness,Gamers,North America,Desktop,Story,2025-01-20,17073.46,3156848,81621,2.59,0.21,12192,14.94,1.4,2309674.65,135.28,2.53,
MKTCAMP_1313,Sales Conversion_Middle East_313,TikTok,Sales Conversion,Leads,Gamers,Middle East,Tablet,Story,2025-04-22,1934.5,193765,13093,6.76,0.15,1686,12.88,1.15,476053.55,246.09,10.15,
MKTCAMP_1314,Sales Conversion_Latin America_314,X,Sales Conversion,Leads,Young Professionals 25-34,Latin America,Mobile,Carousel,2025-03-13,11284.88,750912,22965,3.06,0.49,1859,8.1,6.07,108476.62,9.61,5.02,
MKTCAMP_1315,Sales Conversion_APAC_315,LinkedIn,Sales Conversion,Awareness,Students 18-24,APAC,Desktop,Carousel,2025-02-28,15156.52,2613277,221778,8.49,0.07,37324,16.83,0.41,8794313.12,580.23,8.49,
MKTCAMP_1316,Retargeting_India_316,YouTube,Retargeting,Awareness,Tech Decision Makers,India,Tablet,Search Ad,2025-03-03,16086.35,2918342,39646,1.36,0.41,3042,7.67,5.29,908757.14,56.49,7.84,
MKTCAMP_1317,Lead Generation_APAC_317,Meta,Lead Generation,Conversions,Pet Owners,APAC,Desktop,Image,2025-04-09,14510.87,2115662,40076,1.89,0.36,2740,6.84,5.3,375499.5,25.88,1.65,
MKTCAMP_1318,Sales Conversion_Latin America_318,LinkedIn,Sales Conversion,Engagement,Gamers,Latin America,Tablet,Image,2025-03-03,1092.7,207291,5414,2.61,0.2,517,9.57,2.11,64931.16,59.42,17.47,
MKTCAMP_1319,App Install_India_319,LinkedIn,App Install,Leads,Pet Owners,India,Mobile,Search Ad,2025-02-18,6852.77,804091,60058,7.47,0.11,9149,15.23,0.75,819315.4,119.56,15.09,
MKTCAMP_1320,Retargeting_India_320,TikTok,Retargeting,Awareness,Fitness Enthusiasts,India,Mobile,Video,2025-02-14,11725.58,1488379,22045,1.48,0.53,421,1.91,27.85,110697.98,9.44,9.79,49.95
MKTCAMP_1321,Sales Conversion_Latin America_321,TikTok,Sales Conversion,Conversions,Pet Owners,Latin America,Desktop,Carousel,2025-04-16,18372.95,3266569,55112,1.69,0.33,6160,11.18,2.98,451609.97,24.58,14.2,
MKTCAMP_1322,Retargeting_Latin America_322,YouTube,Retargeting,Conversions,Tech Decision Makers,Latin America,Desktop,Video,2025-03-20,16595.4,3521388,33754,0.96,0.49,505,1.5,32.86,60751.43,3.66,5.73,34.76
MKTCAMP_1323,App Install_Europe_323,X,App Install,Leads,Gamers,Europe,Mobile,Carousel,2025-03-23,22703.24,1927920,50179,2.6,0.45,6919,13.79,3.28,1203329.99,53.0,14.64,
MKTCAMP_1324,Brand Awareness_Middle East_324,Meta,Brand Awareness,Engagement,Small Business Owners,Middle East,Desktop,Video,2025-03-29,2101.47,268489,1804,0.67,1.16,28,1.6,75.05,8961.68,4.26,3.61,57.59
MKTCAMP_1325,Brand Awareness_Europe_325,Meta,Brand Awareness,Engagement,Tech Decision Makers,Europe,Desktop,Story,2025-03-25,10571.84,1083844,83332,7.69,0.13,734,0.88,14.4,177930.92,16.83,17.87,
MKTCAMP_1326,Retargeting_India_326,Meta,Retargeting,Traffic,Parents with Kids,India,Tablet,Video,2025-03-25,14224.12,2967550,24431,0.82,0.58,1912,7.83,7.44,216534.94,15.22,13.84,93.5
MKTCAMP_1327,Lead Generation_Latin America_327,YouTube,Lead Generation,Traffic,Tech Decision Makers,Latin America,Tablet,Carousel,2025-02-23,6784.99,1070341,21455,2.0,0.32,2229,10.39,3.04,397783.76,58.63,18.02,
MKTCAMP_1328,Brand Awareness_Middle East_328,Meta,Brand Awareness,Awareness,Luxury Buyers,Middle East,Mobile,Video,2025-01-02,15408.92,1585749,20998,1.32,0.73,660,3.15,23.35,67386.94,4.37,5.54,83.05
MKTCAMP_1329,App Install_North America_329,LinkedIn,App Install,Awareness,Healthcare Professionals,North America,Desktop,Story,2025-03-24,14249.96,1912492,25429,1.33,0.56,3954,15.55,3.6,1033182.48,72.5,2.37,
MKTCAMP_1330,App Install_Europe_330,YouTube,App Install,Engagement,Students 18-24,Europe,Tablet,Image,2025-01-25,17841.96,2459280,26116,1.06,0.68,2225,8.52,8.02,411853.76,23.08,4.07,
MKTCAMP_1331,Retargeting_Latin America_331,Google Ads,Retargeting,Awareness,Fitness Enthusiasts,Latin America,Desktop,Carousel,2025-01-02,23669.6,4568127,265823,5.82,0.09,22834,8.59,1.04,3693741.4,156.05,12.46,
MKTCAMP_1332,Retargeting_APAC_332,X,Retargeting,Conversions,Pet Owners,APAC,Tablet,Carousel,2025-03-20,13863.08,709916,32310,4.55,0.43,4721,14.61,2.94,835412.87,60.26,2.1,
MKTCAMP_1333,Product Launch_APAC_333,X,Product Launch,Traffic,Luxury Buyers,APAC,Desktop,Story,2025-03-27,19763.82,1506901,37594,2.49,0.53,1271,3.38,15.55,172435.07,8.72,14.29,
MKTCAMP_1334,Lead Generation_Middle East_334,Google Ads,Lead Generation,Conversions,Fitness Enthusiasts,Middle East,Desktop,Video,2025-02-03,13224.95,1016716,76359,7.51,0.17,12135,15.89,1.09,3744680.14,283.15,5.33,51.1
MKTCAMP_1335,Lead Generation_India_335,TikTok,Lead Generation,Awareness,Students 18-24,India,Desktop,Search Ad,2025-04-03,24632.25,4408242,27333,0.62,0.9,448,1.64,54.98,79949.2,3.25,16.93,
MKTCAMP_1336,Brand Awareness_Latin America_336,YouTube,Brand Awareness,Conversions,Pet Owners,Latin America,Desktop,Video,2025-03-27,13698.19,1775371,22269,1.25,0.62,2670,11.99,5.13,782504.94,57.12,7.78,77.05
MKTCAMP_1337,Product Launch_Europe_337,Google Ads,Product Launch,Leads,Pet Owners,Europe,Desktop,Image,2025-03-30,24129.68,1850214,85830,4.64,0.28,4742,5.52,5.09,1345369.01,55.76,11.19,
MKTCAMP_1338,Sales Conversion_India_338,Google Ads,Sales Conversion,Conversions,Pet Owners,India,Tablet,Carousel,2025-01-18,16047.27,2946672,106297,3.61,0.15,17553,16.51,0.91,3520591.83,219.39,3.93,
MKTCAMP_1339,Lead Generation_Latin America_339,TikTok,Lead Generation,Awareness,Students 18-24,Latin America,Tablet,Story,2025-03-31,17549.53,3207826,95136,2.97,0.18,14746,15.5,1.19,4718216.3,268.85,5.99,
MKTCAMP_1340,Product Launch_Latin America_340,YouTube,Product Launch,Conversions,Tech Decision Makers,Latin America,Mobile,Search Ad,2025-04-22,24596.28,1606827,32720,2.04,0.75,1218,3.72,20.19,384981.43,15.65,12.52,
MKTCAMP_1341,App Install_APAC_341,Google Ads,App Install,Awareness,Students 18-24,APAC,Tablet,Video,2025-04-28,4226.55,504050,27137,5.38,0.16,532,1.96,7.94,166182.56,39.32,15.1,55.42
MKTCAMP_1342,Brand Awareness_APAC_342,YouTube,Brand Awareness,Conversions,Young Professionals 25-34,APAC,Tablet,Search Ad,2025-03-10,24194.6,2787144,233320,8.37,0.1,28438,12.19,0.85,6628750.13,273.98,4.07,
MKTCAMP_1343,Lead Generation_APAC_343,Meta,Lead Generation,Traffic,Parents with Kids,APAC,Desktop,Carousel,2025-04-02,22107.23,2585399,44316,1.71,0.5,319,0.72,69.3,66709.86,3.02,10.32,
MKTCAMP_1344,Product Launch_APAC_344,YouTube,Product Launch,Traffic,Small Business Owners,APAC,Desktop,Story,2025-01-17,18124.16,3629298,37860,1.04,0.48,5035,13.3,3.6,453008.12,24.99,16.05,
MKTCAMP_1345,Product Launch_APAC_345,YouTube,Product Launch,Leads,Students 18-24,APAC,Mobile,Story,2025-03-28,20567.06,2824739,173805,6.15,0.12,10430,6.0,1.97,1885469.98,91.67,15.41,
MKTCAMP_1346,Sales Conversion_Middle East_346,LinkedIn,Sales Conversion,Traffic,Young Professionals 25-34,Middle East,Desktop,Carousel,2025-03-16,11752.0,1226952,54024,4.4,0.22,8100,14.99,1.45,1111859.26,94.61,4.21,
MKTCAMP_1347,Brand Awareness_India_347,Google Ads,Brand Awareness,Traffic,Luxury Buyers,India,Tablet,Search Ad,2025-01-08,17944.34,3385667,41141,1.22,0.44,1932,4.7,9.29,145732.76,8.12,7.22,
MKTCAMP_1348,Product Launch_India_348,Google Ads,Product Launch,Conversions,Young Professionals 25-34,India,Desktop,Carousel,2025-04-09,11533.6,2015943,114390,5.67,0.1,13001,11.37,0.89,1856022.54,160.92,15.76,
MKTCAMP_1349,Sales Conversion_India_349,X,Sales Conversion,Engagement,Luxury Buyers,India,Desktop,Story,2025-02-18,12046.54,2604930,144223,5.54,0.08,3907,2.71,3.08,962594.24,79.91,6.82,
MKTCAMP_1350,Sales Conversion_Europe_350,Google Ads,Sales Conversion,Awareness,Tech Decision Makers,Europe,Tablet,Video,2025-01-23,17315.02,909651,16524,1.82,1.05,2557,15.48,6.77,262597.4,15.17,15.68,37.34
MKTCAMP_1351,Product Launch_Europe_351,YouTube,Product Launch,Conversions,Tech Decision Makers,Europe,Tablet,Video,2025-04-07,16250.61,2680491,122029,4.55,0.13,7130,5.84,2.28,699069.41,43.02,1.77,39.32
MKTCAMP_1352,Retargeting_Latin America_352,Google Ads,Retargeting,Leads,Students 18-24,Latin America,Tablet,Story,2025-03-10,16502.49,3447285,257055,7.46,0.06,35746,13.91,0.46,10091208.39,611.5,12.7,
MKTCAMP_1353,Lead Generation_Middle East_353,TikTok,Lead Generation,Conversions,Gamers,Middle East,Desktop,Image,2025-01-25,6877.03,1398066,81548,5.83,0.08,8405,10.31,0.82,550667.28,80.07,8.93,
MKTCAMP_1354,Brand Awareness_Latin America_354,X,Brand Awareness,Leads,Young Professionals 25-34,Latin America,Desktop,Video,2025-01-31,11778.78,2304182,111242,4.83,0.11,7961,7.16,1.48,2727248.37,231.54,3.12,48.8
MKTCAMP_1355,Brand Awareness_APAC_355,Meta,Brand Awareness,Engagement,Small Business Owners,APAC,Mobile,Search Ad,2025-03-28,1529.6,264900,20758,7.84,0.07,1121,5.4,1.36,341534.33,223.28,6.26,
MKTCAMP_1356,Brand Awareness_Latin America_356,X,Brand Awareness,Engagement,Gamers,Latin America,Mobile,Story,2025-01-30,22813.87,4008696,277391,6.92,0.08,2261,0.82,10.09,764442.55,33.51,13.77,
MKTCAMP_1357,Lead Generation_Europe_357,YouTube,Lead Generation,Awareness,Young Professionals 25-34,Europe,Tablet,Carousel,2025-04-15,7966.4,1507968,40418,2.68,0.2,6375,15.77,1.25,420914.0,52.84,13.37,
MKTCAMP_1358,App Install_APAC_358,X,App Install,Awareness,Parents with Kids,APAC,Tablet,Carousel,2025-02-08,13747.11,788756,18609,2.36,0.74,133,0.72,103.36,23940.76,1.74,6.41,
MKTCAMP_1359,Sales Conversion_Europe_359,Meta,Sales Conversion,Awareness,Tech Decision Makers,Europe,Desktop,Image,2025-01-08,15159.76,1417480,40105,2.83,0.38,5416,13.51,2.8,245917.31,16.22,16.82,
MKTCAMP_1360,App Install_Latin America_360,YouTube,App Install,Engagement,Fitness Enthusiasts,Latin America,Tablet,Search Ad,2025-03-05,21380.46,3425253,178287,5.21,0.12,28731,16.12,0.74,2565840.84,120.01,2.57,
MKTCAMP_1361,Retargeting_APAC_361,Google Ads,Retargeting,Engagement,Luxury Buyers,APAC,Desktop,Story,2025-01-20,6368.0,1165497,7935,0.68,0.8,848,10.7,7.51,295561.92,46.41,16.0,
MKTCAMP_1362,Product Launch_APAC_362,LinkedIn,Product Launch,Conversions,Fitness Enthusiasts,APAC,Desktop,Carousel,2025-02-08,13275.42,683091,48732,7.13,0.27,5351,10.98,2.48,357332.07,26.92,2.82,
MKTCAMP_1363,Lead Generation_North America_363,X,Lead Generation,Engagement,Students 18-24,North America,Tablet,Story,2025-03-13,22785.86,3656129,260214,7.12,0.09,41327,15.88,0.55,8801293.52,386.26,10.15,
MKTCAMP_1364,Lead Generation_Europe_364,YouTube,Lead Generation,Conversions,Luxury Buyers,Europe,Desktop,Image,2025-03-24,11045.47,1071967,42023,3.92,0.26,5901,14.04,1.87,1313654.05,118.93,16.64,
MKTCAMP_1365,Product Launch_North America_365,Google Ads,Product Launch,Conversions,Parents with Kids,North America,Tablet,Video,2025-02-04,11362.81,1696196,93521,5.51,0.12,10151,10.85,1.12,2586909.34,227.66,5.31,55.99
MKTCAMP_1366,Sales Conversion_APAC_366,TikTok,Sales Conversion,Traffic,Healthcare Professionals,APAC,Mobile,Carousel,2025-04-13,3053.51,333480,14506,4.35,0.21,1728,11.91,1.77,577445.65,189.11,11.59,
MKTCAMP_1367,Sales Conversion_Europe_367,YouTube,Sales Conversion,Conversions,Tech Decision Makers,Europe,Desktop,Image,2025-02-08,18718.05,2454458,135884,5.54,0.14,2366,1.74,7.91,263584.95,14.08,7.46,
MKTCAMP_1368,Lead Generation_Latin America_368,Google Ads,Lead Generation,Engagement,Gamers,Latin America,Mobile,Carousel,2025-03-31,12076.09,582270,8933,1.53,1.35,477,5.34,25.32,162604.75,13.47,6.93,
MKTCAMP_1369,Sales Conversion_Middle East_369,YouTube,Sales Conversion,Leads,Gamers,Middle East,Mobile,Image,2025-04-10,12310.01,926914,49565,5.35,0.25,2682,5.41,4.59,258109.31,20.97,10.14,
MKTCAMP_1370,Product Launch_APAC_370,LinkedIn,Product Launch,Awareness,Students 18-24,APAC,Tablet,Image,2025-02-03,634.89,26271,571,2.17,1.11,6,1.14,105.81,387.41,0.61,7.06,
MKTCAMP_1371,App Install_Middle East_371,LinkedIn,App Install,Engagement,Students 18-24,Middle East,Mobile,Image,2025-04-28,20163.35,2882729,131239,4.55,0.15,7396,5.64,2.73,2427080.16,120.37,8.07,
MKTCAMP_1372,Retargeting_Middle East_372,Meta,Retargeting,Leads,Parents with Kids,Middle East,Mobile,Carousel,2025-04-05,2633.77,397888,5260,1.32,0.5,344,6.54,7.66,66175.91,25.13,16.32,
MKTCAMP_1373,Brand Awareness_APAC_373,Meta,Brand Awareness,Leads,Pet Owners,APAC,Tablet,Story,2025-02-07,12591.89,2095373,176887,8.44,0.07,4954,2.8,2.54,584146.39,46.39,8.03,
MKTCAMP_1374,Lead Generation_Europe_374,Meta,Lead Generation,Leads,Parents with Kids,Europe,Desktop,Carousel,2025-03-05,10834.79,1234990,95732,7.75,0.11,12440,13.0,0.87,2793149.08,257.79,6.55,
MKTCAMP_1375,Sales Conversion_India_375,YouTube,Sales Conversion,Engagement,Parents with Kids,India,Desktop,Story,2025-01-22,20682.86,4382923,309070,7.05,0.07,1630,0.53,12.69,380846.95,18.41,2.08,
MKTCAMP_1376,Retargeting_Europe_376,X,Retargeting,Leads,Fitness Enthusiasts,Europe,Tablet,Story,2025-01-24,6811.38,345435,18276,5.29,0.37,2287,12.52,2.98,152396.63,22.37,7.84,
MKTCAMP_1377,Sales Conversion_APAC_377,YouTube,Sales Conversion,Traffic,Young Professionals 25-34,APAC,Mobile,Video,2025-04-08,11677.79,1242861,17155,1.38,0.68,1343,7.83,8.7,363116.28,31.09,2.43,21.41
MKTCAMP_1378,Product Launch_Latin America_378,Google Ads,Product Launch,Traffic,Fitness Enthusiasts,Latin America,Mobile,Carousel,2025-01-02,9191.9,1925800,111993,5.82,0.08,13861,12.38,0.66,2021133.36,219.88,11.47,
MKTCAMP_1379,App Install_India_379,Meta,App Install,Leads,Students 18-24,India,Mobile,Search Ad,2025-04-27,748.21,115596,9013,7.8,0.08,1011,11.22,0.74,312988.97,418.32,13.72,
MKTCAMP_1380,Sales Conversion_North America_380,TikTok,Sales Conversion,Leads,Students 18-24,North America,Mobile,Search Ad,2025-02-22,3453.68,699168,6559,0.94,0.53,645,9.84,5.35,48687.1,14.1,1.4,
MKTCAMP_1381,Brand Awareness_Latin America_381,Google Ads,Brand Awareness,Leads,Tech Decision Makers,Latin America,Desktop,Image,2025-01-03,10839.84,1009268,43767,4.34,0.25,4639,10.6,2.34,204099.78,18.83,3.33,
MKTCAMP_1382,Sales Conversion_Europe_382,YouTube,Sales Conversion,Traffic,Luxury Buyers,Europe,Mobile,Search Ad,2025-01-20,14186.74,1443786,91049,6.31,0.16,10848,11.92,1.31,3260837.16,229.85,13.18,
MKTCAMP_1383,Lead Generation_APAC_383,Meta,Lead Generation,Awareness,Healthcare Professionals,APAC,Desktop,Image,2025-04-12,11033.31,1777841,46767,2.63,0.24,2740,5.86,4.03,773982.19,70.15,8.92,
MKTCAMP_1384,Brand Awareness_Middle East_384,TikTok,Brand Awareness,Leads,Parents with Kids,Middle East,Desktop,Carousel,2025-03-31,20060.32,3772062,277105,7.35,0.07,45836,16.54,0.44,7696564.34,383.67,6.72,
MKTCAMP_1385,Retargeting_Latin America_385,Meta,Retargeting,Traffic,Small Business Owners,Latin America,Tablet,Video,2025-02-21,14763.87,1576944,83084,5.27,0.18,10674,12.85,1.38,2671591.25,180.95,7.68,28.35
MKTCAMP_1386,Product Launch_Middle East_386,TikTok,Product Launch,Traffic,Tech Decision Makers,Middle East,Mobile,Carousel,2025-01-11,11047.97,725486,55207,7.61,0.2,3617,6.55,3.05,287287.89,26.0,1.64,
MKTCAMP_1387,Product Launch_APAC_387,TikTok,Product Launch,Leads,Parents with Kids,APAC,Mobile,Video,2025-01-30,16322.65,2524174,79735,3.16,0.2,1399,1.75,11.67,225352.66,13.81,6.58,69.17
MKTCAMP_1388,Sales Conversion_Middle East_388,Meta,Sales Conversion,Traffic,Healthcare Professionals,Middle East,Desktop,Video,2025-03-29,15341.59,1620484,35082,2.16,0.44,6241,17.79,2.46,1093925.72,71.3,13.11,26.24
MKTCAMP_1389,App Install_Latin America_389,LinkedIn,App Install,Conversions,Healthcare Professionals,Latin America,Mobile,Image,2025-01-03,12396.95,557324,25047,4.49,0.49,4350,17.37,2.85,665315.74,53.67,1.87,
MKTCAMP_1390,App Install_Latin America_390,Meta,App Install,Traffic,Fitness Enthusiasts,Latin America,Desktop,Image,2025-01-21,1258.42,138221,2344,1.7,0.54,21,0.91,59.92,5711.76,4.54,9.13,
MKTCAMP_1391,Lead Generation_Middle East_391,YouTube,Lead Generation,Leads,Healthcare Professionals,Middle East,Tablet,Image,2025-02-19,7586.5,1532586,20547,1.34,0.37,3539,17.23,2.14,461731.03,60.86,16.57,
MKTCAMP_1392,Lead Generation_APAC_392,X,Lead Generation,Awareness,Small Business Owners,APAC,Tablet,Video,2025-01-13,15272.1,2883484,241362,8.37,0.06,13388,5.55,1.14,4519298.2,295.92,7.94,45.84
MKTCAMP_1393,Lead Generation_India_393,TikTok,Lead Generation,Leads,Small Business Owners,India,Tablet,Search Ad,2025-02-20,8839.48,1215016,20030,1.65,0.44,2041,10.19,4.33,415028.25,46.95,14.38,
MKTCAMP_1394,Brand Awareness_Middle East_394,LinkedIn,Brand Awareness,Conversions,Pet Owners,Middle East,Desktop,Image,2025-03-12,20924.42,2495853,71104,2.85,0.29,3582,5.04,5.84,330545.63,15.8,2.2,
MKTCAMP_1395,Product Launch_Latin America_395,TikTok,Product Launch,Engagement,Fitness Enthusiasts,Latin America,Tablet,Video,2025-04-09,8889.98,788048,64840,8.23,0.14,6652,10.26,1.34,938787.8,105.6,11.24,26.14
MKTCAMP_1396,Retargeting_Latin America_396,YouTube,Retargeting,Traffic,Gamers,Latin America,Mobile,Image,2025-01-20,11379.07,1737836,75770,4.36,0.15,5706,7.53,1.99,1985867.65,174.52,16.43,
MKTCAMP_1397,Sales Conversion_Latin America_397,TikTok,Sales Conversion,Awareness,Fitness Enthusiasts,Latin America,Desktop,Image,2025-01-14,15773.45,2247526,121981,5.43,0.13,4907,4.02,3.21,767671.09,48.67,1.88,
MKTCAMP_1398,Brand Awareness_Middle East_398,Google Ads,Brand Awareness,Awareness,Pet Owners,Middle East,Desktop,Video,2025-01-17,12150.88,1673715,37571,2.24,0.32,6526,17.37,1.86,2095012.25,172.42,13.69,57.67
MKTCAMP_1399,Lead Generation_Middle East_399,Google Ads,Lead Generation,Leads,Luxury Buyers,Middle East,Tablet,Search Ad,2025-02-22,21814.24,1385584,94263,6.8,0.23,2530,2.68,8.62,718892.95,32.96,5.97,
MKTCAMP_1400,Brand Awareness_India_400,Google Ads,Brand Awareness,Traffic,Small Business Owners,India,Tablet,Search Ad,2025-03-18,21988.72,4616038,74098,1.61,0.3,6370,8.6,3.45,2190744.67,99.63,9.56,
MKTCAMP_1401,Product Launch_India_401,LinkedIn,Product Launch,Engagement,Young Professionals 25-34,India,Desktop,Video,2025-04-03,21656.91,3161295,108753,3.44,0.2,5982,5.5,3.62,568477.77,26.25,14.38,45.92
MKTCAMP_1402,Lead Generation_APAC_402,YouTube,Lead Generation,Engagement,Healthcare Professionals,APAC,Mobile,Carousel,2025-01-18,13026.25,1675417,85043,5.08,0.15,13307,15.65,0.98,4575433.5,351.25,8.25,
MKTCAMP_1403,Retargeting_Middle East_403,LinkedIn,Retargeting,Traffic,Pet Owners,Middle East,Mobile,Carousel,2025-02-25,20774.21,3689811,186172,5.05,0.11,32078,17.23,0.65,3020202.88,145.38,3.09,
MKTCAMP_1404,Product Launch_Middle East_404,LinkedIn,Product Launch,Awareness,Pet Owners,Middle East,Mobile,Image,2025-05-01,21422.07,2550232,185158,7.26,0.12,29864,16.13,0.72,1492794.74,69.68,16.48,
MKTCAMP_1405,Sales Conversion_APAC_405,Meta,Sales Conversion,Conversions,Students 18-24,APAC,Tablet,Story,2025-01-14,11483.82,1514461,82922,5.48,0.14,13857,16.71,0.83,500475.35,43.58,9.45,
MKTCAMP_1406,Retargeting_Middle East_406,Meta,Retargeting,Leads,Young Professionals 25-34,Middle East,Desktop,Story,2025-04-13,17349.19,2950876,177333,6.01,0.1,5058,2.85,3.43,636329.72,36.68,7.41,
MKTCAMP_1407,Product Launch_Middle East_407,LinkedIn,Product Launch,Leads,Parents with Kids,Middle East,Tablet,Carousel,2025-02-08,20208.71,1822356,38391,2.11,0.53,6624,17.26,3.05,217507.33,10.76,18.46,
MKTCAMP_1408,App Install_Middle East_408,LinkedIn,App Install,Conversions,Gamers,Middle East,Desktop,Story,2025-02-10,17082.12,3230646,90019,2.79,0.19,675,0.75,25.31,179629.82,10.52,15.63,
MKTCAMP_1409,Sales Conversion_APAC_409,LinkedIn,Sales Conversion,Awareness,Students 18-24,APAC,Mobile,Story,2025-02-05,18641.67,1225001,79658,6.5,0.23,11117,13.96,1.68,2676228.37,143.56,14.45,
MKTCAMP_1410,Retargeting_APAC_410,TikTok,Retargeting,Leads,Small Business Owners,APAC,Mobile,Search Ad,2025-01-24,21225.08,3193286,35691,1.12,0.59,3224,9.03,6.58,176829.27,8.33,8.25,
MKTCAMP_1411,App Install_Latin America_411,X,App Install,Conversions,Young Professionals 25-34,Latin America,Desktop,Story,2025-04-13,10474.11,543415,17527,3.23,0.6,428,2.44,24.47,123535.89,11.79,17.6,
MKTCAMP_1412,Sales Conversion_Middle East_412,LinkedIn,Sales Conversion,Engagement,Small Business Owners,Middle East,Tablet,Carousel,2025-03-23,2271.75,481430,22304,4.63,0.1,1280,5.74,1.77,69882.71,30.76,9.86,
MKTCAMP_1413,Lead Generation_Latin America_413,LinkedIn,Lead Generation,Engagement,Pet Owners,Latin America,Mobile,Story,2025-01-10,19965.63,3339762,26946,0.81,0.74,478,1.78,41.77,75963.5,3.8,6.31,
MKTCAMP_1414,App Install_APAC_414,TikTok,App Install,Leads,Students 18-24,APAC,Desktop,Search Ad,2025-04-29,6193.42,561004,38755,6.91,0.16,6495,16.76,0.95,1036815.44,167.41,16.88,
MKTCAMP_1415,Product Launch_North America_415,X,Product Launch,Leads,Tech Decision Makers,North America,Desktop,Search Ad,2025-03-23,8376.64,1053435,23500,2.23,0.36,2751,11.71,3.04,944346.66,112.74,11.64,
MKTCAMP_1416,Brand Awareness_Latin America_416,Google Ads,Brand Awareness,Awareness,Gamers,Latin America,Tablet,Carousel,2025-03-24,9266.45,1451192,20253,1.4,0.46,3250,16.05,2.85,620707.31,66.98,8.97,
MKTCAMP_1417,Brand Awareness_Latin America_417,YouTube,Brand Awareness,Engagement,Healthcare Professionals,Latin America,Tablet,Image,2025-04-12,14853.69,2264609,22224,0.98,0.67,2765,12.45,5.37,297011.15,20.0,13.55,
MKTCAMP_1418,Brand Awareness_North America_418,TikTok,Brand Awareness,Conversions,Young Professionals 25-34,North America,Desktop,Search Ad,2025-04-06,20652.1,3814701,185976,4.88,0.11,17859,9.6,1.16,1352288.97,65.48,14.61,
MKTCAMP_1419,App Install_Latin America_419,YouTube,App Install,Conversions,Healthcare Professionals,Latin America,Tablet,Story,2025-02-17,7149.53,925186,25004,2.7,0.29,710,2.84,10.07,164335.51,22.99,2.14,
MKTCAMP_1420,Product Launch_Latin America_420,TikTok,Product Launch,Conversions,Healthcare Professionals,Latin America,Tablet,Image,2025-01-04,18841.81,1830776,7343,0.4,2.57,693,9.44,27.19,31179.88,1.65,5.98,
MKTCAMP_1421,Brand Awareness_Middle East_421,TikTok,Brand Awareness,Traffic,Pet Owners,Middle East,Mobile,Carousel,2025-02-14,17820.92,913930,65790,7.2,0.27,372,0.57,47.91,40541.91,2.27,14.02,
MKTCAMP_1422,Retargeting_Europe_422,LinkedIn,Retargeting,Engagement,Students 18-24,Europe,Tablet,Image,2025-03-02,8248.62,481229,15966,3.32,0.52,835,5.23,9.88,250222.62,30.34,6.62,
MKTCAMP_1423,Product Launch_India_423,Google Ads,Product Launch,Awareness,Students 18-24,India,Mobile,Video,2025-04-14,19828.85,3976417,155633,3.91,0.13,25561,16.42,0.78,3853110.57,194.32,17.88,22.14
MKTCAMP_1424,Brand Awareness_India_424,X,Brand Awareness,Traffic,Young Professionals 25-34,India,Tablet,Carousel,2025-04-30,17331.97,2233857,79077,3.54,0.22,9151,11.57,1.89,2335648.8,134.76,1.28,
MKTCAMP_1425,Lead Generation_Europe_425,X,Lead Generation,Conversions,Tech Decision Makers,Europe,Tablet,Image,2025-03-13,4590.35,772777,44803,5.8,0.1,7798,17.41,0.59,2133003.26,464.67,17.65,
MKTCAMP_1426,Product Launch_Middle East_426,TikTok,Product Launch,Conversions,Gamers,Middle East,Tablet,Carousel,2025-03-23,17712.24,1658740,20791,1.25,0.85,2948,14.18,6.01,696104.61,39.3,2.03,
MKTCAMP_1427,Product Launch_North America_427,X,Product Launch,Leads,Luxury Buyers,North America,Tablet,Carousel,2025-02-27,9321.24,1978190,88093,4.45,0.11,7111,8.07,1.31,1254834.61,134.62,4.81,
MKTCAMP_1428,Product Launch_North America_428,YouTube,Product Launch,Conversions,Luxury Buyers,North America,Tablet,Carousel,2025-02-05,9533.33,1015932,8372,0.82,1.14,1166,13.93,8.18,190386.13,19.97,15.42,
MKTCAMP_1429,Brand Awareness_North America_429,X,Brand Awareness,Conversions,Healthcare Professionals,North America,Tablet,Image,2025-02-11,21333.53,1667405,95451,5.72,0.22,8366,8.76,2.55,2607265.21,122.21,4.93,
MKTCAMP_1430,Product Launch_India_430,Meta,Product Launch,Engagement,Small Business Owners,India,Tablet,Search Ad,2025-03-23,17106.42,2555620,71351,2.79,0.24,2062,2.89,8.3,491837.98,28.75,13.98,
MKTCAMP_1431,App Install_APAC_431,LinkedIn,App Install,Leads,Luxury Buyers,APAC,Desktop,Video,2025-02-14,8232.87,1284902,46263,3.6,0.18,6005,12.98,1.37,562962.07,68.38,16.6,37.99
MKTCAMP_1432,Product Launch_Europe_432,LinkedIn,Product Launch,Awareness,Healthcare Professionals,Europe,Tablet,Search Ad,2025-03-17,9510.76,479880,6254,1.3,1.52,595,9.53,15.98,68799.65,7.23,15.65,
MKTCAMP_1433,Sales Conversion_India_433,Google Ads,Sales Conversion,Conversions,Fitness Enthusiasts,India,Mobile,Image,2025-01-15,859.99,93082,2915,3.13,0.3,24,0.84,35.83,1675.15,1.95,8.36,
MKTCAMP_1434,Retargeting_APAC_434,Meta,Retargeting,Engagement,Fitness Enthusiasts,APAC,Desktop,Search Ad,2025-01-18,12575.18,1418130,66660,4.7,0.19,7275,10.91,1.73,241352.66,19.19,9.23,
MKTCAMP_1435,Product Launch_Europe_435,YouTube,Product Launch,Leads,Luxury Buyers,Europe,Desktop,Carousel,2025-03-13,24105.73,3216326,189380,5.89,0.13,11282,5.96,2.14,3132754.63,129.96,14.57,
MKTCAMP_1436,Product Launch_Europe_436,Meta,Product Launch,Awareness,Pet Owners,Europe,Mobile,Story,2025-03-21,13271.75,2862484,40560,1.42,0.33,323,0.8,41.09,89293.55,6.73,15.16,
MKTCAMP_1437,Retargeting_Middle East_437,Google Ads,Retargeting,Conversions,Young Professionals 25-34,Middle East,Mobile,Story,2025-03-13,3445.08,302494,1640,0.54,2.1,92,5.63,37.45,25521.3,7.41,10.16,
MKTCAMP_1438,Sales Conversion_Middle East_438,YouTube,Sales Conversion,Engagement,Students 18-24,Middle East,Tablet,Story,2025-04-01,9028.34,965247,3966,0.41,2.28,227,5.75,39.77,53768.76,5.96,18.05,
MKTCAMP_1439,Product Launch_North America_439,TikTok,Product Launch,Traffic,Fitness Enthusiasts,North America,Tablet,Carousel,2025-02-07,21252.99,940383,72205,7.68,0.29,10257,14.21,2.07,2869091.73,135.0,9.12,
MKTCAMP_1440,Retargeting_APAC_440,Google Ads,Retargeting,Conversions,Gamers,APAC,Desktop,Story,2025-03-14,10251.13,968986,9032,0.93,1.13,405,4.49,25.31,44109.83,4.3,9.57,
MKTCAMP_1441,Product Launch_APAC_441,X,Product Launch,Leads,Tech Decision Makers,APAC,Mobile,Video,2025-02-04,18812.39,2356924,20470,0.87,0.92,3533,17.26,5.32,1171796.41,62.29,14.78,94.31
MKTCAMP_1442,Retargeting_North America_442,YouTube,Retargeting,Engagement,Tech Decision Makers,North America,Tablet,Search Ad,2025-01-28,13839.82,2952010,29886,1.01,0.46,2061,6.9,6.72,210473.45,15.21,4.59,
MKTCAMP_1443,Brand Awareness_India_443,TikTok,Brand Awareness,Engagement,Gamers,India,Mobile,Image,2025-02-14,3949.67,600485,40404,6.73,0.1,4290,10.62,0.92,330450.41,83.67,15.23,
MKTCAMP_1444,Product Launch_Europe_444,Google Ads,Product Launch,Leads,Small Business Owners,Europe,Mobile,Image,2025-04-21,16080.89,1766804,103542,5.86,0.16,5227,5.05,3.08,734192.3,45.66,17.07,
MKTCAMP_1445,App Install_Europe_445,X,App Install,Conversions,Luxury Buyers,Europe,Tablet,Carousel,2025-04-15,7617.36,949106,72228,7.61,0.11,9306,12.89,0.82,464416.23,60.97,3.75,
MKTCAMP_1446,Brand Awareness_India_446,Meta,Brand Awareness,Awareness,Healthcare Professionals,India,Tablet,Search Ad,2025-03-10,692.12,106286,4279,4.03,0.16,121,2.85,5.72,40721.21,58.84,10.36,
MKTCAMP_1447,Retargeting_India_447,Meta,Retargeting,Awareness,Pet Owners,India,Tablet,Search Ad,2025-04-26,6426.39,836128,49372,5.9,0.13,905,1.83,7.1,106704.22,16.6,15.16,
MKTCAMP_1448,Brand Awareness_Middle East_448,X,Brand Awareness,Awareness,Fitness Enthusiasts,Middle East,Mobile,Carousel,2025-03-31,11761.79,1627642,63572,3.91,0.19,806,1.27,14.59,66930.18,5.69,8.91,
MKTCAMP_1449,Lead Generation_Latin America_449,Meta,Lead Generation,Conversions,Fitness Enthusiasts,Latin America,Desktop,Story,2025-03-04,5625.04,275605,19936,7.23,0.28,3522,17.67,1.6,999563.74,177.7,15.97,
MKTCAMP_1450,App Install_Latin America_450,Meta,App Install,Engagement,Pet Owners,Latin America,Desktop,Story,2025-01-10,6428.44,1368697,27306,2.0,0.24,4682,17.15,1.37,1630938.06,253.71,13.51,
MKTCAMP_1451,Brand Awareness_APAC_451,X,Brand Awareness,Awareness,Luxury Buyers,APAC,Tablet,Image,2025-02-28,24538.02,3497088,87507,2.5,0.28,7129,8.15,3.44,1567948.69,63.9,2.46,
MKTCAMP_1452,Retargeting_North America_452,TikTok,Retargeting,Traffic,Healthcare Professionals,North America,Tablet,Story,2025-03-23,15747.41,3411078,66170,1.94,0.24,9508,14.37,1.66,3047576.55,193.53,17.53,
MKTCAMP_1453,Sales Conversion_North America_453,X,Sales Conversion,Engagement,Parents with Kids,North America,Tablet,Carousel,2025-02-24,24023.32,3215827,267434,8.32,0.09,36780,13.75,0.65,3006208.14,125.14,9.45,
MKTCAMP_1454,Product Launch_India_454,Meta,Product Launch,Awareness,Pet Owners,India,Desktop,Search Ad,2025-03-15,18099.11,1529759,85497,5.59,0.21,10401,12.17,1.74,853546.81,47.16,10.98,
MKTCAMP_1455,App Install_India_455,Meta,App Install,Traffic,Students 18-24,India,Tablet,Video,2025-01-13,19404.86,2518774,12544,0.5,1.55,82,0.66,236.64,11828.45,0.61,17.22,33.29
MKTCAMP_1456,Product Launch_North America_456,X,Product Launch,Engagement,Young Professionals 25-34,North America,Mobile,Story,2025-01-01,16041.91,1282930,38558,3.01,0.42,5915,15.34,2.71,1557038.94,97.06,2.85,
MKTCAMP_1457,Lead Generation_Latin America_457,TikTok,Lead Generation,Conversions,Fitness Enthusiasts,Latin America,Desktop,Image,2025-01-12,11003.2,497900,21385,4.3,0.51,2586,12.09,4.25,175643.29,15.96,6.2,
MKTCAMP_1458,Retargeting_North America_458,X,Retargeting,Conversions,Pet Owners,North America,Desktop,Video,2025-02-20,10247.0,2105918,177852,8.45,0.06,2287,1.29,4.48,625546.04,61.05,7.63,46.4
MKTCAMP_1459,Retargeting_Middle East_459,X,Retargeting,Traffic,Gamers,Middle East,Tablet,Video,2025-01-01,18979.49,3896807,315739,8.1,0.06,33467,10.6,0.57,4828577.63,254.41,14.82,35.08
MKTCAMP_1460,Product Launch_Europe_460,Meta,Product Launch,Conversions,Small Business Owners,Europe,Tablet,Search Ad,2025-03-29,14319.81,1497051,85612,5.72,0.17,4029,4.71,3.55,367886.95,25.69,17.09,
MKTCAMP_1461,Brand Awareness_Latin America_461,TikTok,Brand Awareness,Traffic,Young Professionals 25-34,Latin America,Desktop,Story,2025-03-30,2994.19,392455,8590,2.19,0.35,101,1.18,29.65,4194.13,1.4,4.23,
MKTCAMP_1462,Product Launch_Europe_462,Meta,Product Launch,Traffic,Small Business Owners,Europe,Desktop,Video,2025-01-14,21735.87,1974620,159918,8.1,0.14,17076,10.68,1.27,2898079.65,133.33,11.24,56.34
MKTCAMP_1463,Retargeting_Europe_463,LinkedIn,Retargeting,Conversions,Pet Owners,Europe,Desktop,Carousel,2025-01-09,19090.02,1734314,56533,3.26,0.34,9128,16.15,2.09,3038401.62,159.16,16.64,
MKTCAMP_1464,App Install_APAC_464,YouTube,App Install,Conversions,Young Professionals 25-34,APAC,Tablet,Story,2025-02-14,10776.48,1944785,82815,4.26,0.13,7624,9.21,1.41,728073.97,67.56,11.43,
MKTCAMP_1465,Lead Generation_Middle East_465,X,Lead Generation,Engagement,Fitness Enthusiasts,Middle East,Tablet,Carousel,2025-01-12,5060.33,504422,36952,7.33,0.14,1523,4.12,3.32,80369.7,15.88,2.39,
MKTCAMP_1466,Lead Generation_APAC_466,Google Ads,Lead Generation,Engagement,Small Business Owners,APAC,Tablet,Image,2025-02-24,23549.22,3090733,114858,3.72,0.21,16873,14.69,1.4,5019115.08,213.13,6.95,
MKTCAMP_1467,Lead Generation_India_467,LinkedIn,Lead Generation,Traffic,Gamers,India,Tablet,Carousel,2025-03-12,17493.64,3127899,178373,5.7,0.1,5623,3.15,3.11,1744718.99,99.73,10.53,
MKTCAMP_1468,App Install_India_468,YouTube,App Install,Traffic,Healthcare Professionals,India,Tablet,Image,2025-01-27,7420.57,864801,6091,0.7,1.22,166,2.74,44.7,45645.84,6.15,1.2,
MKTCAMP_1469,App Install_Europe_469,YouTube,App Install,Engagement,Tech Decision Makers,Europe,Tablet,Image,2025-03-24,10705.86,1435140,12091,0.84,0.89,2119,17.53,5.05,216901.06,20.26,6.46,
MKTCAMP_1470,Lead Generation_Middle East_470,Google Ads,Lead Generation,Conversions,Students 18-24,Middle East,Mobile,Story,2025-03-23,7946.59,647448,2667,0.41,2.98,353,13.26,22.51,119804.87,15.08,5.08,
MKTCAMP_1471,Brand Awareness_North America_471,YouTube,Brand Awareness,Awareness,Tech Decision Makers,North America,Desktop,Carousel,2025-02-19,16744.66,2905890,211323,7.27,0.08,16686,7.9,1.0,2118085.63,126.49,6.83,
MKTCAMP_1472,Product Launch_APAC_472,YouTube,Product Launch,Conversions,Parents with Kids,APAC,Tablet,Story,2025-04-09,17959.22,3358738,62844,1.87,0.29,4393,6.99,4.09,1399701.45,77.94,15.16,
MKTCAMP_1473,Brand Awareness_North America_473,Google Ads,Brand Awareness,Awareness,Healthcare Professionals,North America,Mobile,Carousel,2025-01-06,24629.03,4328913,155186,3.58,0.16,16816,10.84,1.46,4061477.02,164.91,2.56,
MKTCAMP_1474,Product Launch_India_474,Google Ads,Product Launch,Leads,Tech Decision Makers,India,Tablet,Story,2025-02-24,13840.18,2320690,40735,1.76,0.34,5768,14.16,2.4,1250544.45,90.36,17.67,
MKTCAMP_1475,Product Launch_Latin America_475,X,Product Launch,Leads,Small Business Owners,Latin America,Tablet,Search Ad,2025-01-20,1539.35,135091,7122,5.27,0.22,405,5.69,3.8,104739.37,68.04,14.33,
MKTCAMP_1476,Brand Awareness_North America_476,LinkedIn,Brand Awareness,Conversions,Pet Owners,North America,Tablet,Carousel,2025-03-10,3011.64,399023,18043,4.52,0.17,1256,6.96,2.4,412641.16,137.02,15.52,
MKTCAMP_1477,Product Launch_Latin America_477,LinkedIn,Product Launch,Traffic,Healthcare Professionals,Latin America,Tablet,Image,2025-03-31,17581.63,2963889,122702,4.14,0.14,20389,16.62,0.86,5143543.97,292.55,13.81,
MKTCAMP_1478,Sales Conversion_North America_478,TikTok,Sales Conversion,Traffic,Gamers,North America,Mobile,Story,2025-01-15,21611.43,1930611,133931,6.94,0.16,5245,3.92,4.12,736971.93,34.1,7.01,
MKTCAMP_1479,App Install_North America_479,TikTok,App Install,Conversions,Healthcare Professionals,North America,Desktop,Video,2025-01-02,24473.87,4752255,288912,6.08,0.08,38204,13.22,0.64,8017617.29,327.6,17.58,54.7
MKTCAMP_1480,Lead Generation_Europe_480,X,Lead Generation,Awareness,Young Professionals 25-34,Europe,Desktop,Search Ad,2025-03-08,9822.68,681167,46103,6.77,0.21,6156,13.35,1.6,941828.68,95.88,1.64,
MKTCAMP_1481,Retargeting_India_481,X,Retargeting,Awareness,Fitness Enthusiasts,India,Mobile,Video,2025-04-09,21055.43,885491,54014,6.1,0.39,9441,17.48,2.23,1605457.39,76.25,5.27,71.39
MKTCAMP_1482,Retargeting_India_482,Google Ads,Retargeting,Traffic,Luxury Buyers,India,Tablet,Image,2025-04-02,20519.64,2839045,233738,8.23,0.09,3282,1.4,6.25,628616.53,30.63,13.63,
MKTCAMP_1483,Sales Conversion_Middle East_483,YouTube,Sales Conversion,Leads,Small Business Owners,Middle East,Desktop,Image,2025-01-08,21634.69,1563452,107565,6.88,0.2,10941,10.17,1.98,1716612.03,79.35,3.48,
MKTCAMP_1484,App Install_India_484,TikTok,App Install,Awareness,Fitness Enthusiasts,India,Mobile,Video,2025-04-25,21699.75,1482292,43124,2.91,0.5,2404,5.58,9.03,742481.39,34.22,12.84,78.73
MKTCAMP_1485,Sales Conversion_Europe_485,YouTube,Sales Conversion,Leads,Small Business Owners,Europe,Tablet,Video,2025-01-06,6636.46,1011909,50910,5.03,0.13,7674,15.07,0.86,2455279.87,369.97,1.41,68.92
MKTCAMP_1486,Lead Generation_Middle East_486,Google Ads,Lead Generation,Engagement,Young Professionals 25-34,Middle East,Desktop,Carousel,2025-01-23,1769.98,245663,6706,2.73,0.26,393,5.87,4.5,56178.06,31.74,11.95,
MKTCAMP_1487,App Install_Europe_487,Google Ads,App Install,Conversions,Luxury Buyers,Europe,Desktop,Story,2025-04-28,8684.22,1492694,54881,3.68,0.16,930,1.7,9.34,261146.93,30.07,6.14,
MKTCAMP_1488,Retargeting_North America_488,X,Retargeting,Awareness,Pet Owners,North America,Tablet,Video,2025-03-06,11102.79,1813972,56104,3.09,0.2,836,1.49,13.28,125111.36,11.27,17.54,66.34
MKTCAMP_1489,Brand Awareness_Europe_489,X,Brand Awareness,Traffic,Fitness Enthusiasts,Europe,Tablet,Story,2025-01-09,16951.24,2607283,52454,2.01,0.32,4102,7.82,4.13,1108773.62,65.41,2.95,
MKTCAMP_1490,Retargeting_India_490,TikTok,Retargeting,Leads,Pet Owners,India,Mobile,Story,2025-01-02,7307.39,655746,25569,3.9,0.29,4514,17.66,1.62,232926.08,31.88,10.17,
MKTCAMP_1491,Lead Generation_APAC_491,LinkedIn,Lead Generation,Leads,Pet Owners,APAC,Desktop,Carousel,2025-03-01,4894.43,1050940,13848,1.32,0.35,1047,7.56,4.67,278630.99,56.93,13.39,
MKTCAMP_1492,App Install_Europe_492,LinkedIn,App Install,Leads,Students 18-24,Europe,Tablet,Carousel,2025-01-20,10856.85,1111462,40242,3.62,0.27,2062,5.12,5.27,197346.89,18.18,9.56,
MKTCAMP_1493,Product Launch_Europe_493,Google Ads,Product Launch,Awareness,Young Professionals 25-34,Europe,Tablet,Video,2025-02-12,7079.08,649456,37147,5.72,0.19,6481,17.45,1.09,1446325.26,204.31,2.53,21.05
MKTCAMP_1494,Sales Conversion_Latin America_494,Google Ads,Sales Conversion,Awareness,Luxury Buyers,Latin America,Tablet,Video,2025-01-27,23809.87,2226516,25510,1.15,0.93,2801,10.98,8.5,643018.87,27.01,12.42,36.39
MKTCAMP_1495,Lead Generation_Middle East_495,YouTube,Lead Generation,Conversions,Luxury Buyers,Middle East,Mobile,Image,2025-01-12,870.21,185966,4523,2.43,0.19,557,12.33,1.56,142659.71,163.94,11.75,
MKTCAMP_1496,Lead Generation_Middle East_496,Google Ads,Lead Generation,Awareness,Tech Decision Makers,Middle East,Tablet,Story,2025-04-06,8166.23,725139,38005,5.24,0.21,5950,15.66,1.37,1981081.02,242.59,3.03,
MKTCAMP_1497,App Install_APAC_497,Google Ads,App Install,Engagement,Small Business Owners,APAC,Mobile,Video,2025-03-17,4293.3,901818,57409,6.37,0.07,9158,15.95,0.47,868567.09,202.31,11.37,71.09
MKTCAMP_1498,Brand Awareness_Latin America_498,YouTube,Brand Awareness,Conversions,Luxury Buyers,Latin America,Mobile,Image,2025-02-03,17162.74,1947409,10218,0.52,1.68,1093,10.7,15.7,121314.79,7.07,8.99,
MKTCAMP_1499,Product Launch_India_499,LinkedIn,Product Launch,Awareness,Parents with Kids,India,Desktop,Carousel,2025-01-10,23960.73,2679441,192983,7.2,0.12,7332,3.8,3.27,1797713.72,75.03,18.1,
